speed,steering angle,gps quality,lat,lon,altitude,roll,pitch,yaw,image name,timestamp
0.0392156877,0.0000000000,4,50.8680558333,-0.0982591667,69.3000000000,6.4375000000,-4.0625000000,0.0000000000,image0.jpg,63.0223960000
0.0392156877,0.0000000000,4,50.8680558333,-0.0982591667,69.3000000000,6.4375000000,-4.0625000000,0.0000000000,image1.jpg,128.0913540000
0.0078431377,0.0000000000,4,50.8680560000,-0.0982591667,69.3000000000,6.5000000000,-4.0625000000,0.0000000000,image3.jpg,255.3566670000
0.0549019612,0.0000000000,4,50.8680560000,-0.0982591667,69.3000000000,6.4375000000,-4.0625000000,0.0000000000,image5.jpg,393.8100000000
0.0470588244,1.0000000000,4,50.8680560000,-0.0982591667,69.3000000000,6.4375000000,-4.0625000000,0.0000000000,image6.jpg,459.1023440000
-0.0078431377,0.0000000000,4,50.8680558333,-0.0982593333,69.3000000000,6.4375000000,-4.0625000000,0.0000000000,image7.jpg,525.8882290000
0.0549019612,2.0000000000,4,50.8680556667,-0.0982593333,69.3000000000,6.4375000000,-4.0625000000,0.0000000000,image9.jpg,657.5866670000
0.0705882385,2.0000000000,4,50.8680556667,-0.0982593333,69.3000000000,6.4375000000,-4.0625000000,0.0000000000,image11.jpg,793.6143230000
0.0705882385,2.0000000000,4,50.8680556667,-0.0982593333,69.2000000000,6.4375000000,-4.0625000000,0.0000000000,image12.jpg,858.5466670000
0.0156862754,3.0000000000,4,50.8680556667,-0.0982593333,69.2000000000,6.4375000000,-4.0625000000,0.0000000000,image14.jpg,992.7271870000
0.0862745121,3.0000000000,4,50.8680556667,-0.0982593333,69.2000000000,6.4375000000,-4.0625000000,0.0000000000,image15.jpg,1057.9607290000
0.1568627506,4.0000000000,4,50.8680556667,-0.0982593333,69.2000000000,6.5000000000,-4.0625000000,0.0625000000,image17.jpg,1193.1320830000
0.0862745121,5.0000000000,4,50.8680558333,-0.0982593333,69.2000000000,6.4375000000,-4.0625000000,0.0000000000,image18.jpg,1259.4564580000
0.2117647082,7.0000000000,4,50.8680556667,-0.0982593333,69.2000000000,6.4375000000,-4.0625000000,0.0000000000,image20.jpg,1393.3401560000
0.1333333403,8.0000000000,4,50.8680558333,-0.0982593333,69.2000000000,6.4375000000,-4.0000000000,0.0625000000,image21.jpg,1456.9802600000
0.2274509817,9.0000000000,4,50.8680558333,-0.0982593333,69.3000000000,6.4375000000,-4.0625000000,0.0000000000,image23.jpg,1593.1931250000
0.2745098174,9.0000000000,4,50.8680558333,-0.0982593333,69.3000000000,6.4375000000,-4.0625000000,0.1250000000,image24.jpg,1662.8094270000
0.1960784346,11.0000000000,4,50.8680558333,-0.0982593333,69.3000000000,6.4375000000,-4.0000000000,0.1875000000,image25.jpg,1730.4130720000
0.3607843220,10.0000000000,4,50.8680558333,-0.0982593333,69.3000000000,6.3125000000,-4.1250000000,0.2500000000,image27.jpg,1862.9671870000
0.4078431427,10.0000000000,4,50.8680558333,-0.0982593333,69.3000000000,6.2500000000,-4.0625000000,0.5000000000,image29.jpg,1994.0062490000
0.4313725531,9.0000000000,4,50.8680558333,-0.0982595000,69.3000000000,6.0000000000,-4.2500000000,0.6250000000,image30.jpg,2064.6277080000
0.4078431427,8.0000000000,4,50.8680556667,-0.0982596667,69.3000000000,4.9375000000,-4.4375000000,0.9375000000,image32.jpg,2191.0446350000
0.4313725531,7.0000000000,4,50.8680556667,-0.0982600000,69.3000000000,4.0625000000,-4.7500000000,1.3125000000,image33.jpg,2259.2530720000
0.4313725531,7.0000000000,4,50.8680558333,-0.0982605000,69.3000000000,2.1250000000,-5.6250000000,2.6250000000,image35.jpg,2390.9719260000
0.3921568692,8.0000000000,4,50.8680558333,-0.0982610000,69.3000000000,3.0000000000,-5.8125000000,4.2500000000,image36.jpg,2461.7921870000
0.4392156899,7.0000000000,4,50.8680558333,-0.0982616667,69.3000000000,7.0625000000,-6.0000000000,2.5625000000,image38.jpg,2592.4480720000
0.3921568692,7.0000000000,4,50.8680556667,-0.0982620000,69.2000000000,7.1250000000,-5.7500000000,2.8125000000,image39.jpg,2661.9491660000
0.4235294163,7.0000000000,4,50.8680558333,-0.0982621667,69.2000000000,6.6875000000,-5.4375000000,2.8125000000,image40.jpg,2729.8185930000
0.4235294163,6.0000000000,4,50.8680560000,-0.0982628333,69.2000000000,8.0000000000,-3.8125000000,4.3750000000,image42.jpg,2861.3597910000
0.3921568692,7.0000000000,4,50.8680558333,-0.0982633333,69.2000000000,7.4375000000,-4.2500000000,4.2500000000,image43.jpg,2929.2389050000
0.4392156899,7.0000000000,4,50.8680560000,-0.0982638333,69.2000000000,7.7500000000,-3.5000000000,5.0625000000,image45.jpg,3061.4031760000
0.4392156899,7.0000000000,4,50.8680560000,-0.0982641667,69.2000000000,8.0000000000,-3.3750000000,5.1250000000,image46.jpg,3130.4664570000
0.3921568692,8.0000000000,4,50.8680560000,-0.0982645000,69.2000000000,7.6250000000,-3.1250000000,4.3125000000,image48.jpg,3262.0772910000
0.4235294163,9.0000000000,4,50.8680561667,-0.0982650000,69.2000000000,6.4375000000,-2.1875000000,3.7500000000,image49.jpg,3332.7955200000
0.4235294163,9.0000000000,4,50.8680563333,-0.0982651667,69.2000000000,6.0625000000,-0.2500000000,3.9375000000,image51.jpg,3461.3190090000
0.4392156899,7.0000000000,4,50.8680563333,-0.0982651667,69.2000000000,5.5625000000,1.6250000000,4.1250000000,image53.jpg,3597.8915090000
0.4078431427,8.0000000000,4,50.8680561667,-0.0982653333,69.2000000000,4.9375000000,3.4375000000,4.3750000000,image54.jpg,3663.7304150000
0.4000000060,6.0000000000,4,50.8680563333,-0.0982656667,69.2000000000,4.5000000000,4.0000000000,5.2500000000,image55.jpg,3729.7643740000
0.4392156899,6.0000000000,4,50.8680563333,-0.0982660000,69.2000000000,5.8750000000,4.0625000000,6.7500000000,image57.jpg,3859.0563010000
0.4470588267,6.0000000000,4,50.8680563333,-0.0982663333,69.2000000000,7.3750000000,3.9375000000,7.2500000000,image58.jpg,3929.1004150000
0.4549019635,6.0000000000,4,50.8680563333,-0.0982668333,69.2000000000,7.6875000000,3.0625000000,7.1250000000,image60.jpg,4059.0856240000
0.4705882370,8.0000000000,4,50.8680563333,-0.0982671667,69.2000000000,7.6250000000,3.7500000000,7.5000000000,image61.jpg,4131.2115090000
0.4549019635,6.0000000000,4,50.8680563333,-0.0982675000,69.2000000000,6.5000000000,4.6250000000,6.9375000000,image63.jpg,4260.5372900000
0.4549019635,6.0000000000,4,50.8680565000,-0.0982680000,69.2000000000,6.5625000000,4.4375000000,7.5000000000,image64.jpg,4329.4603110000
0.4235294163,8.0000000000,4,50.8680566667,-0.0982685000,69.2000000000,7.0000000000,4.2500000000,7.3125000000,image66.jpg,4461.9359360000
0.4549019635,9.0000000000,4,50.8680566667,-0.0982690000,69.2000000000,7.0625000000,4.3125000000,7.3750000000,image67.jpg,4529.1197380000
0.4549019635,12.0000000000,4,50.8680568333,-0.0982691667,69.2000000000,7.0000000000,3.3125000000,7.4375000000,image69.jpg,4661.1734880000
0.4627451003,14.0000000000,4,50.8680568333,-0.0982696667,69.2000000000,7.1875000000,1.1250000000,7.8750000000,image71.jpg,4797.8611960000
0.4627451003,16.0000000000,4,50.8680570000,-0.0982701667,69.2000000000,7.1875000000,0.8750000000,7.8750000000,image72.jpg,4861.4560920000
0.4235294163,15.0000000000,4,50.8680571667,-0.0982705000,69.2000000000,6.7500000000,0.5625000000,8.4375000000,image73.jpg,4929.2330710000
0.4627451003,20.0000000000,4,50.8680571667,-0.0982708333,69.2000000000,5.6250000000,0.6250000000,9.3125000000,image75.jpg,5059.8155710000
0.4705882370,21.0000000000,4,50.8680571667,-0.0982711667,69.2000000000,5.1875000000,1.2500000000,9.8750000000,image76.jpg,5128.2456750000
0.4784313738,23.0000000000,4,50.8680571667,-0.0982716667,69.2000000000,3.7500000000,1.6250000000,11.6875000000,image78.jpg,5262.0064570000
0.4784313738,26.0000000000,4,50.8680573333,-0.0982721667,69.2000000000,3.6875000000,1.5625000000,12.0625000000,image79.jpg,5329.5117170000
0.4705882370,19.0000000000,4,50.8680575000,-0.0982726667,69.2000000000,4.7500000000,0.4375000000,13.2500000000,image81.jpg,5465.5009880000
0.4705882370,16.0000000000,4,50.8680576667,-0.0982731667,69.2000000000,3.7500000000,1.1875000000,14.3750000000,image83.jpg,5595.0927580000
0.3764705956,10.0000000000,4,50.8680578333,-0.0982731667,69.3000000000,3.4375000000,1.1250000000,14.9375000000,image84.jpg,5666.1179150000
0.4627451003,7.0000000000,4,50.8680580000,-0.0982735000,69.3000000000,3.4375000000,1.0000000000,15.4375000000,image85.jpg,5728.2703110000
0.4784313738,3.0000000000,4,50.8680581667,-0.0982740000,69.3000000000,4.3125000000,1.9375000000,16.3125000000,image87.jpg,5864.1848940000
0.4627451003,2.0000000000,4,50.8680581667,-0.0982743333,69.2000000000,4.6250000000,2.4375000000,16.4375000000,image88.jpg,5927.2166130000
0.4627451003,2.0000000000,4,50.8680583333,-0.0982748333,69.2000000000,5.1250000000,3.2500000000,15.9375000000,image90.jpg,6065.9199980000
0.4156862795,0.0000000000,4,50.8680581667,-0.0982751667,69.3000000000,5.2500000000,3.6875000000,15.3750000000,image91.jpg,6128.2451020000
0.4627451003,0.0000000000,4,50.8680583333,-0.0982753333,69.3000000000,3.6875000000,4.0000000000,15.0000000000,image93.jpg,6267.1883830000
0.4705882370,0.0000000000,4,50.8680583333,-0.0982755000,69.3000000000,3.2500000000,3.8750000000,15.0000000000,image94.jpg,6329.2646330000
0.4549019635,0.0000000000,4,50.8680585000,-0.0982760000,69.3000000000,3.1250000000,4.5000000000,14.8125000000,image96.jpg,6462.9658830000
0.4627451003,1.0000000000,4,50.8680585000,-0.0982761667,69.3000000000,2.3750000000,4.9375000000,14.7500000000,image97.jpg,6527.3215080000
0.4627451003,1.0000000000,4,50.8680586667,-0.0982765000,69.3000000000,1.3125000000,5.5625000000,15.2500000000,image99.jpg,6664.5848410000
0.4627451003,2.0000000000,4,50.8680586667,-0.0982768333,69.3000000000,0.8125000000,5.3750000000,15.5000000000,image100.jpg,6732.6604660000
0.4078431427,6.0000000000,4,50.8680588333,-0.0982775000,69.3000000000,0.6250000000,3.8125000000,15.6875000000,image102.jpg,6865.0407270000
0.4784313738,6.0000000000,4,50.8680590000,-0.0982780000,69.3000000000,1.1250000000,3.4375000000,15.1250000000,image103.jpg,6933.9863520000
0.4627451003,9.0000000000,4,50.8680590000,-0.0982783333,69.3000000000,0.6250000000,3.7500000000,15.4375000000,image105.jpg,7064.9536430000
0.4627451003,12.0000000000,4,50.8680591667,-0.0982788333,69.3000000000,0.1250000000,4.0000000000,15.5625000000,image106.jpg,7132.7374970000
0.4627451003,16.0000000000,5,50.8680591667,-0.0982790000,69.3000000000,0.0000000000,3.3750000000,16.0000000000,image108.jpg,7266.3055180000
0.3764705956,15.0000000000,5,50.8680593333,-0.0982793333,69.3000000000,-0.1250000000,3.1250000000,16.3750000000,image109.jpg,7332.5734350000
0.4862745106,18.0000000000,5,50.8680595000,-0.0982796667,69.3000000000,0.0000000000,2.2500000000,17.2500000000,image111.jpg,7464.1585910000
0.4784313738,17.0000000000,5,50.8680593333,-0.0982800000,69.2000000000,-0.0625000000,2.0625000000,16.8750000000,image112.jpg,7531.1031220000
0.4784313738,17.0000000000,5,50.8680595000,-0.0982801667,69.3000000000,-0.7500000000,1.8125000000,18.3125000000,image114.jpg,7663.0280180000
0.4705882370,18.0000000000,5,50.8680595000,-0.0982805000,69.3000000000,-0.6875000000,1.6250000000,18.5000000000,image115.jpg,7730.7170280000
0.4784313738,19.0000000000,5,50.8680596667,-0.0982808333,69.2000000000,0.0000000000,1.4375000000,19.0000000000,image117.jpg,7866.4169760000
0.4784313738,35.0000000000,5,50.8680598333,-0.0982810000,69.2000000000,-0.0625000000,1.3750000000,19.6875000000,image118.jpg,7932.5536950000
0.4784313738,19.0000000000,5,50.8680600000,-0.0982813333,69.2000000000,0.1250000000,1.8125000000,20.5000000000,image120.jpg,8064.6763510000
0.3921568692,19.0000000000,5,50.8680600000,-0.0982818333,69.2000000000,0.8125000000,2.5625000000,21.0625000000,image121.jpg,8133.5152050000
0.4862745106,18.0000000000,5,50.8680601667,-0.0982821667,69.2000000000,1.6250000000,2.2500000000,22.6875000000,image123.jpg,8265.0686950000
0.4862745106,15.0000000000,5,50.8680605000,-0.0982828333,69.2000000000,2.0625000000,1.8125000000,22.8125000000,image124.jpg,8334.9241640000
0.4941176474,12.0000000000,5,50.8680605000,-0.0982831667,69.2000000000,1.9375000000,1.1250000000,23.9375000000,image126.jpg,8465.2366640000
0.4941176474,12.0000000000,5,50.8680606667,-0.0982835000,69.2000000000,2.4375000000,1.5625000000,24.5000000000,image127.jpg,8534.3808300000
0.4941176474,14.0000000000,5,50.8680608333,-0.0982840000,69.2000000000,1.9375000000,1.7500000000,24.9375000000,image129.jpg,8666.0074450000
0.5098039508,15.0000000000,5,50.8680610000,-0.0982845000,69.2000000000,0.8125000000,2.7500000000,25.2500000000,image130.jpg,8734.4346320000
0.4705882370,16.0000000000,5,50.8680613333,-0.0982845000,69.2000000000,0.0625000000,3.9375000000,25.6250000000,image132.jpg,8868.5985910000
0.5098039508,13.0000000000,5,50.8680613333,-0.0982848333,69.2000000000,0.1875000000,4.0625000000,26.1250000000,image133.jpg,8933.8727570000
0.5098039508,11.0000000000,5,50.8680615000,-0.0982853333,69.2000000000,-0.2500000000,2.0625000000,27.5625000000,image135.jpg,9065.6863510000
0.5176470876,12.0000000000,5,50.8680616667,-0.0982858333,69.2000000000,0.3750000000,1.4375000000,28.0000000000,image136.jpg,9132.9969240000
0.5098039508,15.0000000000,5,50.8680618333,-0.0982861667,69.2000000000,2.7500000000,1.4375000000,28.6875000000,image138.jpg,9270.3031220000
0.4941176474,15.0000000000,5,50.8680618333,-0.0982866667,69.2000000000,3.7500000000,1.8125000000,28.6250000000,image139.jpg,9331.5574970000
0.5098039508,12.0000000000,5,50.8680620000,-0.0982870000,69.2000000000,3.4375000000,3.7500000000,30.2500000000,image141.jpg,9470.1972360000
0.5098039508,10.0000000000,5,50.8680621667,-0.0982873333,69.2000000000,3.0625000000,3.8125000000,30.5000000000,image142.jpg,9533.5299970000
0.4784313738,10.0000000000,5,50.8680623333,-0.0982876667,69.2000000000,4.1875000000,3.5000000000,30.8750000000,image144.jpg,9669.8682260000
0.5098039508,10.0000000000,5,50.8680626667,-0.0982881667,69.2000000000,5.5000000000,3.6875000000,29.8125000000,image145.jpg,9733.6366110000
0.5254902244,11.0000000000,5,50.8680626667,-0.0982885000,69.2000000000,5.7500000000,3.0625000000,29.8750000000,image147.jpg,9867.9790070000
0.4784313738,12.0000000000,5,50.8680628333,-0.0982888333,69.2000000000,5.2500000000,2.6875000000,30.0625000000,image148.jpg,9937.3585900000
0.4784313738,17.0000000000,5,50.8680631667,-0.0982891667,69.2000000000,3.8125000000,2.3750000000,31.3125000000,image150.jpg,10067.9377570000
0.5176470876,16.0000000000,5,50.8680633333,-0.0982895000,69.2000000000,4.1250000000,2.7500000000,32.0000000000,image151.jpg,10134.3059860000
0.5176470876,17.0000000000,5,50.8680636667,-0.0982901667,69.2000000000,2.9375000000,2.6250000000,33.7500000000,image153.jpg,10266.6933300000
0.5254902244,17.0000000000,5,50.8680638333,-0.0982906667,69.2000000000,3.0625000000,2.8750000000,34.0000000000,image154.jpg,10335.3134860000
0.5176470876,14.0000000000,5,50.8680640000,-0.0982910000,69.2000000000,2.7500000000,3.0000000000,35.0625000000,image156.jpg,10470.6886420000
0.5176470876,15.0000000000,5,50.8680643333,-0.0982913333,69.2000000000,3.3125000000,3.5000000000,35.5625000000,image157.jpg,10540.0616630000
0.5176470876,11.0000000000,5,50.8680646667,-0.0982918333,69.2000000000,2.3750000000,4.3750000000,36.3750000000,image159.jpg,10668.7742150000
0.5176470876,8.0000000000,5,50.8680648333,-0.0982920000,69.2000000000,2.1250000000,4.2500000000,37.0625000000,image160.jpg,10734.0605690000
0.4941176474,4.0000000000,5,50.8680650000,-0.0982921667,69.2000000000,3.7500000000,3.6250000000,37.6875000000,image162.jpg,10869.8810900000
0.5333333611,3.0000000000,5,50.8680651667,-0.0982926667,69.2000000000,3.8750000000,3.3125000000,37.6875000000,image163.jpg,10937.0982770000
0.5176470876,0.0000000000,5,50.8680653333,-0.0982931667,69.2000000000,3.8750000000,3.3125000000,38.1875000000,image165.jpg,11068.6323400000
0.4784313738,0.0000000000,5,50.8680655000,-0.0982936667,69.2000000000,3.8750000000,3.2500000000,37.7500000000,image166.jpg,11137.2565580000
0.5176470876,2.0000000000,5,50.8680656667,-0.0982940000,69.2000000000,3.6875000000,3.0625000000,37.3125000000,image168.jpg,11269.0426520000
0.5176470876,0.0000000000,5,50.8680658333,-0.0982943333,69.3000000000,3.6250000000,3.1875000000,37.5000000000,image169.jpg,11337.0496830000
0.5333333611,0.0000000000,5,50.8680661667,-0.0982946667,69.2000000000,4.1875000000,4.2500000000,37.4375000000,image171.jpg,11468.8985370000
0.5176470876,1.0000000000,5,50.8680663333,-0.0982951667,69.2000000000,4.9375000000,4.0625000000,37.4375000000,image172.jpg,11538.5674440000
0.5176470876,0.0000000000,5,50.8680665000,-0.0982955000,69.2000000000,5.7500000000,3.6875000000,36.6875000000,image174.jpg,11669.9428080000
0.5176470876,0.0000000000,5,50.8680666667,-0.0982958333,69.2000000000,4.5625000000,3.4375000000,36.6250000000,image175.jpg,11736.0351520000
0.5254902244,0.0000000000,5,50.8680670000,-0.0982961667,69.2000000000,3.5625000000,2.6250000000,37.1250000000,image177.jpg,11869.8087460000
0.5254902244,0.0000000000,5,50.8680671667,-0.0982968333,69.2000000000,2.5625000000,2.5625000000,37.1875000000,image178.jpg,11938.1160370000
0.4392156899,0.0000000000,5,50.8680675000,-0.0982971667,69.2000000000,2.5000000000,2.5625000000,37.1875000000,image180.jpg,12069.7805160000
0.5333333611,0.0000000000,5,50.8680676667,-0.0982976667,69.2000000000,3.0000000000,2.5625000000,37.2500000000,image181.jpg,12138.8631730000
0.5333333611,0.0000000000,5,50.8680680000,-0.0982981667,69.2000000000,3.5625000000,2.1875000000,37.0000000000,image183.jpg,12268.9003080000
0.4862745106,-1.0000000000,5,50.8680681667,-0.0982985000,69.2000000000,3.2500000000,2.0000000000,37.1250000000,image184.jpg,12336.9504640000
0.5333333611,-8.0000000000,5,50.8680683333,-0.0982990000,69.2000000000,3.9375000000,2.2500000000,37.5000000000,image186.jpg,12470.6098910000
0.5333333611,-9.0000000000,5,50.8680685000,-0.0982993333,69.2000000000,3.8750000000,1.5625000000,37.1875000000,image187.jpg,12537.8692660000
0.5333333611,-3.0000000000,5,50.8680686667,-0.0982998333,69.2000000000,2.8125000000,1.1875000000,35.9375000000,image189.jpg,12673.1811410000
0.5333333611,0.0000000000,5,50.8680690000,-0.0983001667,69.2000000000,3.2500000000,2.1875000000,35.0625000000,image190.jpg,12737.6019750000
0.5333333611,0.0000000000,5,50.8680693333,-0.0983006667,69.2000000000,2.3750000000,2.2500000000,34.7500000000,image192.jpg,12873.7549430000
0.5333333611,0.0000000000,5,50.8680695000,-0.0983010000,69.2000000000,1.5625000000,2.6875000000,34.1250000000,image193.jpg,12938.7581200000
0.4784313738,0.0000000000,5,50.8680696667,-0.0983013333,69.2000000000,0.5625000000,4.0625000000,35.6250000000,image195.jpg,13068.0151510000
0.5490196347,-1.0000000000,5,50.8680700000,-0.0983016667,69.2000000000,1.5625000000,3.4375000000,35.6250000000,image196.jpg,13135.5543700000
0.4784313738,-3.0000000000,5,50.8680700000,-0.0983021667,69.2000000000,2.4375000000,2.9375000000,34.9375000000,image198.jpg,13271.4717140000
0.5254902244,-5.0000000000,5,50.8680703333,-0.0983026667,69.2000000000,1.7500000000,2.6875000000,35.0625000000,image199.jpg,13338.7886410000
0.5333333611,-8.0000000000,5,50.8680706667,-0.0983030000,69.2000000000,2.2500000000,3.6250000000,35.1875000000,image201.jpg,13472.0813490000
0.4784313738,-9.0000000000,5,50.8680708333,-0.0983033333,69.2000000000,2.1250000000,2.6250000000,34.8125000000,image202.jpg,13534.8740050000
0.5411764979,-16.0000000000,5,50.8680711667,-0.0983041667,69.2000000000,-0.1875000000,2.6875000000,33.7500000000,image204.jpg,13673.9442140000
0.5254902244,-19.0000000000,5,50.8680715000,-0.0983048333,69.2000000000,-0.1875000000,2.8750000000,33.7500000000,image205.jpg,13737.1747870000
0.5254902244,-25.0000000000,5,50.8680716667,-0.0983053333,69.2000000000,0.8750000000,0.3125000000,31.7500000000,image207.jpg,13873.9772870000
0.5254902244,-25.0000000000,5,50.8680718333,-0.0983060000,69.1000000000,1.0000000000,0.0000000000,30.8125000000,image208.jpg,13942.1340570000
0.5254902244,-28.0000000000,5,50.8680720000,-0.0983063333,69.1000000000,1.1250000000,1.6250000000,30.2500000000,image210.jpg,14073.9135890000
0.5411764979,-29.0000000000,5,50.8680721667,-0.0983066667,69.1000000000,1.0000000000,1.6250000000,28.9375000000,image211.jpg,14141.7868700000
0.5254902244,-28.0000000000,5,50.8680721667,-0.0983071667,69.2000000000,-0.5000000000,0.5625000000,27.1875000000,image213.jpg,14274.2866090000
0.5254902244,-29.0000000000,5,50.8680725000,-0.0983075000,69.2000000000,-1.1250000000,0.6875000000,26.4375000000,image214.jpg,14341.2077030000
0.4784313738,-28.0000000000,5,50.8680726667,-0.0983080000,69.2000000000,0.0000000000,1.8750000000,24.2500000000,image216.jpg,14470.9485880000
0.5333333611,-26.0000000000,5,50.8680726667,-0.0983083333,69.2000000000,0.3750000000,2.1875000000,23.3750000000,image217.jpg,14539.1056200000
0.5333333611,-19.0000000000,5,50.8680726667,-0.0983085000,69.2000000000,0.5625000000,2.3125000000,21.5625000000,image219.jpg,14671.9905150000
0.4549019635,-14.0000000000,5,50.8680728333,-0.0983090000,69.2000000000,0.2500000000,2.6875000000,20.8750000000,image220.jpg,14739.2919220000
0.5333333611,-13.0000000000,5,50.8680730000,-0.0983095000,69.2000000000,0.3750000000,3.3750000000,19.5625000000,image222.jpg,14872.0360360000
0.5333333611,-12.0000000000,5,50.8680730000,-0.0983100000,69.2000000000,0.9375000000,2.5625000000,19.1875000000,image223.jpg,14939.9486920000
0.5333333611,35.0000000000,5,50.8680731667,-0.0983105000,69.2000000000,0.0000000000,1.4375000000,18.1875000000,image225.jpg,15072.6450990000
0.5333333611,-3.0000000000,5,50.8680735000,-0.0983111667,69.2000000000,-0.6875000000,0.9375000000,17.9375000000,image226.jpg,15139.3213490000
0.4941176474,3.0000000000,5,50.8680736667,-0.0983115000,69.2000000000,0.1250000000,0.8750000000,16.8750000000,image228.jpg,15274.6045260000
0.5254902244,10.0000000000,5,50.8680738333,-0.0983118333,69.2000000000,0.1875000000,0.8750000000,16.0000000000,image229.jpg,15340.6082760000
0.5411764979,15.0000000000,5,50.8680738333,-0.0983123333,69.2000000000,-1.6875000000,-0.8750000000,17.6250000000,image231.jpg,15473.1103070000
0.4862745106,16.0000000000,5,50.8680741667,-0.0983130000,69.2000000000,-0.5000000000,-1.6875000000,17.6875000000,image232.jpg,15541.1948900000
0.5254902244,11.0000000000,5,50.8680741667,-0.0983135000,69.2000000000,-2.5625000000,-2.2500000000,18.1875000000,image234.jpg,15675.0809840000
0.5254902244,4.0000000000,5,50.8680743333,-0.0983140000,69.2000000000,-4.5000000000,-2.1250000000,19.1875000000,image235.jpg,15741.6317650000
0.4941176474,-1.0000000000,5,50.8680745000,-0.0983143333,69.2000000000,-4.5625000000,-2.0625000000,21.6250000000,image237.jpg,15872.1746820000
0.5254902244,-2.0000000000,5,50.8680748333,-0.0983155000,69.2000000000,-4.0625000000,-1.8750000000,21.8750000000,image238.jpg,15942.1839000000
0.5254902244,-6.0000000000,5,50.8680748333,-0.0983165000,69.1000000000,-4.5625000000,-2.6250000000,22.0625000000,image240.jpg,16072.8308790000
0.5254902244,-8.0000000000,5,50.8680748333,-0.0983168333,69.1000000000,-3.6875000000,-3.3750000000,20.9375000000,image241.jpg,16141.9041610000
0.5254902244,-9.0000000000,5,50.8680748333,-0.0983171667,69.1000000000,-5.6875000000,-2.0000000000,20.8125000000,image243.jpg,16273.0030150000
0.4941176474,-9.0000000000,5,50.8680750000,-0.0983176667,69.1000000000,-6.1875000000,-2.0000000000,20.8750000000,image244.jpg,16341.5030670000
0.4862745106,-8.0000000000,5,50.8680753333,-0.0983181667,69.1000000000,-6.6875000000,-0.3750000000,19.1250000000,image246.jpg,16473.9654110000
0.5333333611,-7.0000000000,5,50.8680756667,-0.0983185000,69.1000000000,-8.4375000000,1.0625000000,18.7500000000,image247.jpg,16544.8114520000
0.5254902244,-7.0000000000,5,50.8680761667,-0.0983186667,69.1000000000,-9.1250000000,1.6250000000,18.5625000000,image249.jpg,16676.2826500000
0.4862745106,-5.0000000000,5,50.8680761667,-0.0983191667,69.1000000000,-7.9375000000,1.4375000000,18.0625000000,image250.jpg,16742.6852540000
0.5254902244,-6.0000000000,5,50.8680760000,-0.0983198333,69.1000000000,-4.5000000000,0.4375000000,16.1250000000,image252.jpg,16874.6196810000
0.5176470876,-6.0000000000,5,50.8680760000,-0.0983203333,69.1000000000,-4.0625000000,1.1250000000,15.9375000000,image253.jpg,16941.0703580000
0.5098039508,-5.0000000000,5,50.8680761667,-0.0983210000,69.1000000000,-5.2500000000,3.0000000000,14.8750000000,image255.jpg,17077.5617120000
0.5333333611,-3.0000000000,5,50.8680763333,-0.0983215000,69.1000000000,-6.6250000000,3.8750000000,15.4375000000,image256.jpg,17141.4361920000
0.5333333611,13.0000000000,5,50.8680765000,-0.0983218333,69.1000000000,-6.3125000000,5.8750000000,15.9375000000,image258.jpg,17277.4810870000
0.5333333611,13.0000000000,5,50.8680765000,-0.0983220000,69.1000000000,-5.5625000000,6.3125000000,16.2500000000,image259.jpg,17340.8967640000
0.5333333611,31.0000000000,5,50.8680765000,-0.0983223333,69.1000000000,-3.2500000000,5.3750000000,16.1875000000,image261.jpg,17472.1373890000
0.5019608140,33.0000000000,5,50.8680766667,-0.0983226667,69.1000000000,-2.8125000000,4.6875000000,16.1250000000,image262.jpg,17542.2645250000
0.5333333611,32.0000000000,5,50.8680768333,-0.0983230000,69.1000000000,-3.4375000000,3.5000000000,17.1875000000,image264.jpg,17677.4590560000
0.5333333611,29.0000000000,5,50.8680770000,-0.0983233333,69.1000000000,-4.1250000000,3.6250000000,18.3750000000,image265.jpg,17741.8510870000
0.5647059083,19.0000000000,5,50.8680771667,-0.0983236667,69.1000000000,-4.4375000000,6.5000000000,22.5000000000,image267.jpg,17876.9941080000
0.5568627715,16.0000000000,5,50.8680773333,-0.0983241667,69.1000000000,-4.6250000000,6.2500000000,23.3750000000,image268.jpg,17944.8442120000
0.5568627715,2.0000000000,5,50.8680775000,-0.0983245000,69.1000000000,-3.8750000000,6.5625000000,25.3125000000,image270.jpg,18075.3643680000
0.5568627715,0.0000000000,5,50.8680776667,-0.0983248333,69.1000000000,-3.1875000000,6.0000000000,25.6875000000,image271.jpg,18143.9742640000
0.5176470876,-1.0000000000,5,50.8680778333,-0.0983253333,69.1000000000,-1.2500000000,6.0000000000,24.7500000000,image273.jpg,18275.4821810000
0.5490196347,0.0000000000,5,50.8680780000,-0.0983256667,69.1000000000,-1.6250000000,6.5625000000,25.0625000000,image274.jpg,18344.8927540000
0.5568627715,0.0000000000,5,50.8680780000,-0.0983258333,69.1000000000,-1.2500000000,8.4375000000,24.8750000000,image276.jpg,18475.9895760000
0.5490196347,0.0000000000,5,50.8680780000,-0.0983261667,69.2000000000,-1.6250000000,8.9375000000,24.7500000000,image277.jpg,18544.7610350000
0.5647059083,1.0000000000,5,50.8680780000,-0.0983265000,69.1000000000,0.2500000000,8.4375000000,24.6875000000,image279.jpg,18675.5647330000
0.5098039508,1.0000000000,5,50.8680781667,-0.0983270000,69.1000000000,0.8125000000,8.0000000000,24.5000000000,image280.jpg,18740.7347330000
0.5490196347,8.0000000000,5,50.8680781667,-0.0983273333,69.1000000000,0.1875000000,9.8125000000,24.0000000000,image282.jpg,18876.8425970000
0.5568627715,13.0000000000,5,50.8680783333,-0.0983276667,69.1000000000,0.5625000000,10.1250000000,23.9375000000,image283.jpg,18945.8928580000
0.5490196347,20.0000000000,5,50.8680785000,-0.0983280000,69.1000000000,1.6250000000,10.7500000000,24.1250000000,image285.jpg,19077.4822330000
0.5490196347,22.0000000000,5,50.8680786667,-0.0983285000,69.1000000000,1.5000000000,10.5625000000,24.3750000000,image286.jpg,19145.0270760000
0.5647059083,9.0000000000,5,50.8680788333,-0.0983288333,69.1000000000,-0.1875000000,9.6250000000,25.5000000000,image288.jpg,19276.7611910000
0.5490196347,0.0000000000,5,50.8680790000,-0.0983293333,69.1000000000,-0.1250000000,10.1875000000,27.1875000000,image289.jpg,19345.5917640000
0.5019608140,0.0000000000,5,50.8680791667,-0.0983298333,69.1000000000,1.6875000000,9.1250000000,27.4375000000,image291.jpg,19477.1435870000
0.5568627715,0.0000000000,5,50.8680791667,-0.0983300000,69.1000000000,2.3750000000,8.8125000000,27.1250000000,image292.jpg,19546.2897320000
0.5568627715,1.0000000000,5,50.8680791667,-0.0983303333,69.1000000000,2.3750000000,8.7500000000,27.0625000000,image294.jpg,19676.4457740000
0.5725490451,1.0000000000,5,50.8680795000,-0.0983306667,69.1000000000,2.3125000000,9.0625000000,27.1875000000,image295.jpg,19747.1264510000
0.5568627715,1.0000000000,5,50.8680796667,-0.0983310000,69.1000000000,2.0625000000,10.1250000000,27.6250000000,image297.jpg,19875.0034300000
0.5098039508,1.0000000000,5,50.8680796667,-0.0983315000,69.1000000000,2.1875000000,9.6875000000,27.4375000000,image298.jpg,19942.9774410000
0.5647059083,0.0000000000,5,50.8680798333,-0.0983318333,69.1000000000,1.8750000000,9.1250000000,27.3750000000,image300.jpg,20075.8569720000
0.5647059083,0.0000000000,5,50.8680798333,-0.0983320000,69.1000000000,1.8125000000,9.0625000000,27.5000000000,image301.jpg,20142.9886380000
0.5803921819,0.0000000000,5,50.8680798333,-0.0983321667,69.1000000000,2.1875000000,9.1250000000,27.6250000000,image303.jpg,20275.1245760000
0.5960784554,1.0000000000,5,50.8680800000,-0.0983326667,69.2000000000,3.0625000000,8.2500000000,27.5000000000,image304.jpg,20343.9736380000
0.5803921819,-5.0000000000,5,50.8680800000,-0.0983333333,69.2000000000,3.1250000000,8.0000000000,27.1875000000,image306.jpg,20479.0911380000
0.5803921819,-7.0000000000,5,50.8680800000,-0.0983336667,69.2000000000,2.1875000000,8.2500000000,26.9375000000,image307.jpg,20542.9850970000
0.5333333611,-10.0000000000,5,50.8680803333,-0.0983338333,69.2000000000,1.4375000000,7.7500000000,27.4375000000,image309.jpg,20679.8933260000
0.5803921819,-9.0000000000,5,50.8680805000,-0.0983343333,69.2000000000,2.0625000000,7.8125000000,27.2500000000,image310.jpg,20743.6852010000
0.5960784554,1.0000000000,5,50.8680806667,-0.0983348333,69.2000000000,2.3750000000,7.3750000000,26.5000000000,image312.jpg,20880.5243150000
0.5803921819,2.0000000000,5,50.8680808333,-0.0983351667,69.2000000000,2.8750000000,6.8750000000,26.1250000000,image313.jpg,20943.0665030000
0.5803921819,8.0000000000,5,50.8680810000,-0.0983356667,69.2000000000,4.3750000000,6.8750000000,25.6875000000,image315.jpg,21079.2863460000
0.4941176474,9.0000000000,5,50.8680811667,-0.0983360000,69.2000000000,4.9375000000,7.0000000000,25.1875000000,image316.jpg,21143.1250440000
0.5803921819,10.0000000000,5,50.8680813333,-0.0983365000,69.2000000000,3.0000000000,6.5000000000,25.5000000000,image318.jpg,21280.4420750000
0.5882353187,4.0000000000,5,50.8680815000,-0.0983368333,69.2000000000,0.8750000000,6.6250000000,26.1875000000,image319.jpg,21346.3050440000
0.5882353187,0.0000000000,5,50.8680818333,-0.0983373333,69.2000000000,0.5000000000,5.6250000000,27.5625000000,image321.jpg,21481.7729090000
0.5803921819,0.0000000000,5,50.8680820000,-0.0983378333,69.2000000000,1.6875000000,5.1250000000,27.5625000000,image322.jpg,21545.3398880000
0.5803921819,-7.0000000000,5,50.8680820000,-0.0983383333,69.2000000000,2.5000000000,4.2500000000,27.0000000000,image324.jpg,21682.9845230000
0.5803921819,-17.0000000000,5,50.8680821667,-0.0983388333,69.2000000000,3.0000000000,3.6250000000,26.8125000000,image325.jpg,21746.4268150000
0.5490196347,-23.0000000000,5,50.8680823333,-0.0983391667,69.2000000000,3.4375000000,2.7500000000,26.6250000000,image327.jpg,21882.3141060000
0.5960784554,-24.0000000000,5,50.8680825000,-0.0983396667,69.2000000000,3.3125000000,2.1875000000,26.1875000000,image328.jpg,21948.6640020000
0.5803921819,-5.0000000000,5,50.8680826667,-0.0983401667,69.2000000000,3.7500000000,1.6250000000,24.8125000000,image330.jpg,22081.2635330000
0.5803921819,0.0000000000,5,50.8680828333,-0.0983408333,69.2000000000,3.6875000000,1.9375000000,22.5625000000,image331.jpg,22149.5380650000
0.5882353187,0.0000000000,5,50.8680830000,-0.0983413333,69.2000000000,0.0000000000,1.6875000000,21.9375000000,image333.jpg,22278.9841580000
0.5490196347,2.0000000000,5,50.8680830000,-0.0983416667,69.2000000000,-0.3750000000,1.6250000000,22.1875000000,image334.jpg,22347.5667630000
0.6039215922,0.0000000000,5,50.8680833333,-0.0983423333,69.2000000000,-0.1250000000,3.0625000000,22.5625000000,image336.jpg,22479.8556690000
0.5882353187,0.0000000000,5,50.8680833333,-0.0983426667,69.2000000000,0.6250000000,3.3750000000,23.0625000000,image337.jpg,22547.3826480000
0.5490196347,0.0000000000,5,50.8680833333,-0.0983433333,69.3000000000,1.8750000000,3.7500000000,22.3750000000,image339.jpg,22680.6547310000
0.5803921819,0.0000000000,5,50.8680833333,-0.0983438333,69.3000000000,1.0000000000,3.5625000000,22.6250000000,image340.jpg,22747.1156690000
0.5803921819,-30.0000000000,5,50.8680836667,-0.0983443333,69.3000000000,2.4375000000,4.0625000000,22.9375000000,image342.jpg,22881.9475440000
0.5490196347,-35.0000000000,5,50.8680838333,-0.0983450000,69.3000000000,3.0625000000,3.6875000000,23.3750000000,image343.jpg,22947.4866060000
0.5490196347,-35.0000000000,5,50.8680840000,-0.0983455000,69.3000000000,4.7500000000,3.8125000000,21.6875000000,image345.jpg,23080.1696270000
0.5490196347,-35.0000000000,5,50.8680840000,-0.0983458333,69.3000000000,3.3125000000,4.6875000000,20.6875000000,image346.jpg,23146.9478560000
0.5882353187,-25.0000000000,5,50.8680840000,-0.0983461667,69.3000000000,3.1875000000,4.6875000000,18.6250000000,image348.jpg,23279.8544700000
0.5882353187,-13.0000000000,5,50.8680843333,-0.0983466667,69.3000000000,3.0625000000,4.6875000000,17.0625000000,image349.jpg,23347.7849390000
0.5882353187,0.0000000000,5,50.8680843333,-0.0983470000,69.3000000000,3.3750000000,3.8750000000,15.3750000000,image351.jpg,23479.1374910000
0.5960784554,2.0000000000,5,50.8680845000,-0.0983475000,69.3000000000,3.7500000000,4.6875000000,14.8750000000,image352.jpg,23547.3679600000
0.5882353187,0.0000000000,5,50.8680845000,-0.0983480000,69.3000000000,4.7500000000,5.3750000000,14.5000000000,image354.jpg,23679.3438970000
0.5882353187,0.0000000000,5,50.8680845000,-0.0983483333,69.3000000000,5.2500000000,5.1250000000,14.4375000000,image355.jpg,23748.4195220000
0.5568627715,0.0000000000,5,50.8680845000,-0.0983488333,69.3000000000,5.0000000000,4.8750000000,14.7500000000,image357.jpg,23879.8232200000
0.5882353187,4.0000000000,5,50.8680846667,-0.0983493333,69.3000000000,3.3125000000,4.5625000000,14.8750000000,image358.jpg,23948.5145220000
0.5882353187,23.0000000000,5,50.8680846667,-0.0983501667,69.3000000000,2.2500000000,4.3750000000,15.5000000000,image360.jpg,24080.4826990000
0.5725490451,26.0000000000,5,50.8680850000,-0.0983508333,69.3000000000,4.0625000000,4.0000000000,15.5625000000,image361.jpg,24150.0156680000
0.5882353187,11.0000000000,5,50.8680848333,-0.0983511667,69.3000000000,5.2500000000,3.5625000000,17.0000000000,image363.jpg,24281.4795740000
0.5568627715,7.0000000000,5,50.8680848333,-0.0983516667,69.3000000000,4.8125000000,3.3750000000,18.0000000000,image364.jpg,24349.6896780000
0.5960784554,0.0000000000,5,50.8680851667,-0.0983521667,69.3000000000,4.2500000000,3.8125000000,20.2500000000,image366.jpg,24481.5626470000
0.5960784554,2.0000000000,5,50.8680855000,-0.0983528333,69.3000000000,5.1875000000,3.6250000000,20.2500000000,image367.jpg,24549.8361890000
0.6039215922,0.0000000000,5,50.8680856667,-0.0983535000,69.3000000000,4.9375000000,3.4375000000,20.1875000000,image369.jpg,24685.8236370000
0.5960784554,3.0000000000,5,50.8680858333,-0.0983538333,69.3000000000,3.0625000000,3.7500000000,20.0000000000,image370.jpg,24749.7184800000
0.5882353187,1.0000000000,5,50.8680861667,-0.0983545000,69.3000000000,2.8125000000,4.0000000000,19.5625000000,image372.jpg,24885.8639490000
0.5960784554,10.0000000000,5,50.8680861667,-0.0983550000,69.3000000000,3.1250000000,4.5625000000,19.1250000000,image373.jpg,24949.2167090000
0.5098039508,16.0000000000,5,50.8680863333,-0.0983555000,69.3000000000,3.3125000000,4.1250000000,19.7500000000,image375.jpg,25085.7772820000
0.5960784554,9.0000000000,5,50.8680865000,-0.0983560000,69.3000000000,3.5625000000,4.2500000000,20.1875000000,image376.jpg,25150.4097300000
0.5960784554,0.0000000000,5,50.8680865000,-0.0983566667,69.3000000000,5.0000000000,4.0625000000,21.0000000000,image378.jpg,25285.5935320000
0.5411764979,0.0000000000,5,50.8680866667,-0.0983571667,69.3000000000,5.3750000000,4.3125000000,21.5000000000,image379.jpg,25349.3334280000
0.5960784554,1.0000000000,5,50.8680868333,-0.0983576667,69.3000000000,6.6875000000,5.7500000000,21.4375000000,image381.jpg,25484.9407200000
0.5490196347,0.0000000000,5,50.8680868333,-0.0983581667,69.3000000000,6.5625000000,6.0625000000,20.9375000000,image382.jpg,25550.4371260000
0.5960784554,13.0000000000,5,50.8680870000,-0.0983586667,69.3000000000,4.1250000000,4.2500000000,21.1875000000,image384.jpg,25684.4725950000
0.6117647290,23.0000000000,5,50.8680873333,-0.0983595000,69.3000000000,4.6875000000,4.0000000000,21.6250000000,image385.jpg,25750.5654070000
0.5882353187,33.0000000000,5,50.8680875000,-0.0983600000,69.4000000000,3.7500000000,4.0625000000,21.8125000000,image387.jpg,25884.7493650000
0.5960784554,27.0000000000,5,50.8680876667,-0.0983603333,69.4000000000,2.6875000000,4.9375000000,22.5625000000,image388.jpg,25954.1863970000
0.5960784554,11.0000000000,5,50.8680878333,-0.0983605000,69.4000000000,5.0000000000,5.6250000000,25.4375000000,image390.jpg,26086.0317610000
0.5960784554,2.0000000000,5,50.8680876667,-0.0983608333,69.4000000000,5.3125000000,5.3750000000,25.8125000000,image391.jpg,26152.0612920000
0.5568627715,0.0000000000,5,50.8680878333,-0.0983613333,69.4000000000,5.0000000000,5.0000000000,26.3750000000,image393.jpg,26283.2707190000
0.6117647290,0.0000000000,5,50.8680880000,-0.0983615000,69.4000000000,5.0625000000,4.6875000000,26.6250000000,image394.jpg,26356.0793650000
0.5960784554,0.0000000000,5,50.8680883333,-0.0983620000,69.4000000000,4.5625000000,3.7500000000,26.6250000000,image396.jpg,26483.5991570000
0.5490196347,1.0000000000,5,50.8680885000,-0.0983626667,69.4000000000,4.5000000000,4.1875000000,26.6875000000,image397.jpg,26554.0370730000
0.6039215922,14.0000000000,5,50.8680888333,-0.0983631667,69.3000000000,2.9375000000,5.7500000000,26.0000000000,image399.jpg,26684.8780110000
0.5176470876,19.0000000000,5,50.8680890000,-0.0983635000,69.3000000000,2.3125000000,6.0625000000,26.5000000000,image400.jpg,26753.5520730000
0.6117647290,7.0000000000,5,50.8680893333,-0.0983640000,69.3000000000,3.0000000000,4.2500000000,26.2500000000,image402.jpg,26885.2505630000
0.6039215922,2.0000000000,5,50.8680895000,-0.0983645000,69.3000000000,1.8750000000,4.3750000000,26.9375000000,image403.jpg,26953.6614480000
0.6039215922,-4.0000000000,5,50.8680896667,-0.0983648333,69.3000000000,2.5000000000,6.0000000000,27.6875000000,image405.jpg,27084.2097290000
0.6039215922,-13.0000000000,5,50.8680898333,-0.0983653333,69.3000000000,2.3125000000,6.5000000000,27.6875000000,image406.jpg,27153.7431150000
0.5960784554,-11.0000000000,5,50.8680900000,-0.0983656667,69.3000000000,1.3125000000,6.8125000000,27.6875000000,image408.jpg,27283.4258750000
0.5960784554,-7.0000000000,5,50.8680901667,-0.0983660000,69.2000000000,1.6250000000,6.6875000000,27.2500000000,image409.jpg,27354.3305110000
0.5098039508,-3.0000000000,5,50.8680903333,-0.0983666667,69.2000000000,4.7500000000,7.3750000000,26.2500000000,image411.jpg,27485.8752500000
0.5960784554,0.0000000000,5,50.8680903333,-0.0983671667,69.2000000000,5.1250000000,7.2500000000,25.5625000000,image412.jpg,27553.8963960000
0.5960784554,0.0000000000,5,50.8680905000,-0.0983676667,69.2000000000,4.3125000000,5.0625000000,24.9375000000,image414.jpg,27685.3448330000
0.5098039508,2.0000000000,5,50.8680905000,-0.0983683333,69.2000000000,4.0625000000,4.6875000000,24.8750000000,image415.jpg,27753.6166040000
0.5960784554,-2.0000000000,5,50.8680903333,-0.0983688333,69.2000000000,5.2500000000,3.8125000000,24.4375000000,image417.jpg,27884.9524370000
0.5254902244,-7.0000000000,5,50.8680903333,-0.0983690000,69.2000000000,3.9375000000,3.3750000000,24.5000000000,image418.jpg,27952.4599370000
0.5960784554,-25.0000000000,5,50.8680903333,-0.0983693333,69.2000000000,0.8750000000,3.0625000000,24.0625000000,image420.jpg,28085.6537390000
0.5882353187,-28.0000000000,5,50.8680903333,-0.0983695000,69.2000000000,0.3125000000,3.5000000000,23.5000000000,image421.jpg,28395.2088960000
0.5647059083,-3.0000000000,5,50.8680905000,-0.0983710000,69.2000000000,2.7500000000,2.6250000000,18.7500000000,image422.jpg,28430.0403020000
0.5803921819,0.0000000000,5,50.8680906667,-0.0983715000,69.2000000000,2.8750000000,4.2500000000,18.1250000000,image424.jpg,28550.9196250000
0.5647059083,0.0000000000,5,50.8680903333,-0.0983715000,69.2000000000,6.0625000000,4.8125000000,17.5625000000,image426.jpg,28688.6950930000
0.6039215922,0.0000000000,5,50.8680905000,-0.0983721667,69.1000000000,6.1875000000,4.7500000000,18.0000000000,image427.jpg,28752.2495730000
0.5960784554,1.0000000000,5,50.8680903333,-0.0983723333,69.1000000000,6.1250000000,4.7500000000,17.8750000000,image429.jpg,28890.6609270000
0.5647059083,4.0000000000,5,50.8680903333,-0.0983723333,69.1000000000,6.1875000000,4.6875000000,17.8125000000,image430.jpg,28953.5491040000
0.6117647290,14.0000000000,5,50.8680903333,-0.0983726667,69.1000000000,6.2500000000,4.6250000000,17.8750000000,image432.jpg,29089.3116560000
0.6745098233,16.0000000000,5,50.8680903333,-0.0983726667,69.1000000000,6.3125000000,4.6250000000,17.8125000000,image433.jpg,29153.9875410000
0.7215686440,19.0000000000,5,50.8680903333,-0.0983726667,69.1000000000,6.4375000000,4.6250000000,17.8750000000,image435.jpg,29287.9491560000
0.7137255073,18.0000000000,5,50.8680903333,-0.0983726667,69.1000000000,6.5000000000,4.6250000000,17.8750000000,image436.jpg,29351.2660310000
0.6588235497,20.0000000000,5,50.8680903333,-0.0983726667,69.2000000000,6.4375000000,4.6875000000,17.9375000000,image438.jpg,29487.9859260000
0.7058823705,20.0000000000,5,50.8680903333,-0.0983726667,69.2000000000,6.6250000000,4.5625000000,17.9375000000,image439.jpg,29552.7614470000
0.8549019694,20.0000000000,5,50.8680903333,-0.0983726667,69.2000000000,6.7500000000,4.5625000000,18.0000000000,image441.jpg,29689.0253530000
0.8862745166,16.0000000000,5,50.8680903333,-0.0983726667,69.2000000000,6.7500000000,4.5000000000,18.0000000000,image442.jpg,29753.4446240000
1.0039216280,15.0000000000,5,50.8680903333,-0.0983726667,69.2000000000,6.8750000000,4.2500000000,18.0000000000,image444.jpg,29889.1368120000
1.0039216280,13.0000000000,5,50.8680903333,-0.0983726667,69.2000000000,6.9375000000,4.1250000000,18.0000000000,image445.jpg,29955.1313950000
0.2274509817,12.0000000000,5,50.8680903333,-0.0983726667,69.2000000000,7.0000000000,3.9375000000,18.0000000000,image447.jpg,30091.8843640000
0.0313725509,14.0000000000,5,50.8680903333,-0.0983726667,69.2000000000,7.0000000000,3.8750000000,18.0000000000,image448.jpg,30155.9012910000
-0.2666666806,4.0000000000,5,50.8680903333,-0.0983726667,69.2000000000,6.6875000000,3.8750000000,17.9375000000,image450.jpg,30287.4876450000
-0.5490196347,1.0000000000,5,50.8680905000,-0.0983726667,69.2000000000,6.3750000000,3.8750000000,17.8750000000,image451.jpg,30354.9984260000
-0.5882353187,-7.0000000000,5,50.8680905000,-0.0983726667,69.2000000000,6.1875000000,3.7500000000,17.8750000000,image453.jpg,30489.2169680000
-0.5647059083,-10.0000000000,5,50.8680905000,-0.0983726667,69.2000000000,5.5000000000,3.1875000000,17.8125000000,image454.jpg,30557.6268640000
-0.5568627715,-10.0000000000,5,50.8680903333,-0.0983725000,69.2000000000,4.8750000000,3.3750000000,17.9375000000,image456.jpg,30688.1818110000
-0.5725490451,-8.0000000000,5,50.8680903333,-0.0983720000,69.2000000000,4.7500000000,3.8750000000,18.3125000000,image457.jpg,30755.2053010000
-0.5568627715,-1.0000000000,5,50.8680903333,-0.0983715000,69.2000000000,2.7500000000,3.0000000000,19.6250000000,image459.jpg,30889.4101450000
-0.5882353187,-1.0000000000,5,50.8680901667,-0.0983710000,69.2000000000,1.3750000000,2.5625000000,19.9375000000,image460.jpg,30955.3637380000
-0.5568627715,-2.0000000000,5,50.8680900000,-0.0983706667,69.2000000000,1.9375000000,1.6875000000,20.0625000000,image462.jpg,31088.2138430000
-0.5568627715,-4.0000000000,5,50.8680898333,-0.0983701667,69.2000000000,1.8125000000,1.6250000000,21.4375000000,image463.jpg,31154.9353010000
-0.5725490451,-12.0000000000,5,50.8680898333,-0.0983696667,69.2000000000,-0.2500000000,1.5625000000,20.6875000000,image465.jpg,31290.2508220000
-0.5725490451,-11.0000000000,5,50.8680898333,-0.0983691667,69.2000000000,0.3750000000,1.5000000000,20.6875000000,image466.jpg,31358.6417070000
-0.5647059083,-7.0000000000,5,50.8680896667,-0.0983688333,69.2000000000,3.3750000000,1.3750000000,21.6875000000,image468.jpg,31491.7829570000
-0.2431372553,-2.0000000000,5,50.8680895000,-0.0983686667,69.2000000000,3.9375000000,2.1250000000,22.2500000000,image469.jpg,31557.0947280000
0.0000000000,33.0000000000,5,50.8680893333,-0.0983680000,69.2000000000,3.8125000000,3.5625000000,24.1875000000,image471.jpg,31689.1319150000
0.2588235438,34.0000000000,5,50.8680893333,-0.0983673333,69.3000000000,3.1250000000,3.6875000000,23.9375000000,image472.jpg,31757.5867070000
0.5176470876,33.0000000000,5,50.8680893333,-0.0983668333,69.3000000000,5.9375000000,4.1875000000,23.4375000000,image474.jpg,31889.1855090000
0.6196078658,34.0000000000,5,50.8680890000,-0.0983668333,69.3000000000,5.7500000000,4.0625000000,23.7500000000,image475.jpg,31959.5112380000
0.6588235497,34.0000000000,5,50.8680891667,-0.0983675000,69.3000000000,6.5000000000,3.3125000000,26.0625000000,image478.jpg,32157.3897280000
0.7058823705,34.0000000000,5,50.8680891667,-0.0983678333,69.3000000000,5.5000000000,3.0000000000,25.8125000000,image480.jpg,32289.4030610000
0.7215686440,34.0000000000,5,50.8680893333,-0.0983680000,69.2000000000,5.0625000000,3.1875000000,26.0000000000,image481.jpg,32356.1082690000
0.7058823705,34.0000000000,5,50.8680893333,-0.0983680000,69.2000000000,4.3125000000,3.0000000000,26.2500000000,image483.jpg,32488.1331130000
0.7058823705,35.0000000000,5,50.8680895000,-0.0983681667,69.2000000000,3.6875000000,3.1250000000,26.5625000000,image484.jpg,32554.9388940000
0.7843137383,33.0000000000,5,50.8680896667,-0.0983681667,69.2000000000,2.9375000000,3.1875000000,27.0625000000,image486.jpg,32691.9114460000
0.7921568751,34.0000000000,5,50.8680896667,-0.0983681667,69.2000000000,2.5000000000,3.2500000000,27.4375000000,image487.jpg,32757.0039980000
0.7921568751,34.0000000000,5,50.8680898333,-0.0983683333,69.2000000000,2.2500000000,3.3125000000,27.7500000000,image488.jpg,32825.2236860000
0.7921568751,34.0000000000,5,50.8680900000,-0.0983683333,69.2000000000,1.8125000000,3.1875000000,28.5000000000,image490.jpg,32957.4585810000
0.7921568751,33.0000000000,5,50.8680900000,-0.0983685000,69.2000000000,1.7500000000,3.1875000000,28.7500000000,image491.jpg,33027.0403520000
0.7921568751,33.0000000000,5,50.8680901667,-0.0983685000,69.2000000000,1.8750000000,3.0625000000,29.2500000000,image493.jpg,33157.9163940000
0.8549019694,16.0000000000,5,50.8680903333,-0.0983688333,69.2000000000,5.0625000000,2.8125000000,37.3750000000,image494.jpg,33964.4972790000
0.8627451062,6.0000000000,5,50.8680908333,-0.0983698333,69.2000000000,5.8125000000,2.8125000000,38.0625000000,image495.jpg,34025.8164460000
0.7686274648,2.0000000000,5,50.8680910000,-0.0983700000,69.2000000000,6.1250000000,2.9375000000,38.3750000000,image496.jpg,34090.7872270000
0.8549019694,0.0000000000,5,50.8680911667,-0.0983701667,69.2000000000,5.7500000000,3.5000000000,39.3125000000,image497.jpg,34159.3955080000
0.8549019694,-7.0000000000,5,50.8680913333,-0.0983703333,69.2000000000,3.5625000000,4.3125000000,41.4375000000,image499.jpg,34291.1882680000
0.8549019694,-10.0000000000,5,50.8680915000,-0.0983705000,69.2000000000,3.1250000000,4.3750000000,42.8125000000,image500.jpg,34359.7579040000
0.8470588326,-14.0000000000,5,50.8680916667,-0.0983706667,69.2000000000,2.9375000000,3.5000000000,45.1250000000,image502.jpg,34491.4054560000
0.8156862855,-19.0000000000,5,50.8680918333,-0.0983708333,69.2000000000,3.2500000000,3.8750000000,45.9375000000,image503.jpg,34559.8542060000
0.8470588326,-20.0000000000,5,50.8680921667,-0.0983713333,69.2000000000,3.3125000000,4.0000000000,46.5625000000,image504.jpg,34624.7420700000
0.8549019694,-28.0000000000,5,50.8680923333,-0.0983716667,69.2000000000,2.9375000000,3.1250000000,47.6875000000,image506.jpg,34761.6874350000
0.8156862855,-35.0000000000,5,50.8680926667,-0.0983718333,69.2000000000,0.5000000000,3.1250000000,47.2500000000,image508.jpg,34892.4411330000
0.8470588326,-35.0000000000,5,50.8680928333,-0.0983720000,69.2000000000,0.4375000000,3.4375000000,47.0000000000,image509.jpg,34962.3575910000
0.8156862855,-35.0000000000,5,50.8680931667,-0.0983725000,69.2000000000,0.2500000000,4.3125000000,46.3125000000,image510.jpg,35025.0393100000
0.8470588326,-35.0000000000,5,50.8680933333,-0.0983728333,69.2000000000,0.5625000000,5.0625000000,44.2500000000,image512.jpg,35162.2485810000
0.8470588326,-35.0000000000,5,50.8680935000,-0.0983731667,69.2000000000,0.5000000000,5.0000000000,42.8125000000,image513.jpg,35231.0488930000
0.8156862855,-35.0000000000,5,50.8680938333,-0.0983735000,69.2000000000,0.1250000000,5.5625000000,40.4375000000,image515.jpg,35362.3112890000
0.8470588326,-35.0000000000,5,50.8680940000,-0.0983738333,69.2000000000,-0.1875000000,5.4375000000,39.1250000000,image516.jpg,35430.5211330000
0.8470588326,-35.0000000000,5,50.8680941667,-0.0983743333,69.2000000000,0.8125000000,4.8125000000,38.0625000000,image518.jpg,35562.5645700000
0.8078431487,-35.0000000000,5,50.8680945000,-0.0983750000,69.2000000000,1.7500000000,4.3125000000,37.1875000000,image519.jpg,35628.5822260000
0.8078431487,-35.0000000000,5,50.8680946667,-0.0983755000,69.2000000000,1.5000000000,5.0000000000,36.1875000000,image521.jpg,35762.7704550000
0.8392156959,-35.0000000000,5,50.8680948333,-0.0983758333,69.2000000000,0.1250000000,4.3750000000,36.0000000000,image522.jpg,35829.2101950000
0.8392156959,-28.0000000000,5,50.8680950000,-0.0983763333,69.2000000000,-0.1250000000,3.0625000000,37.5625000000,image524.jpg,35962.7225390000
0.8470588326,-25.0000000000,5,50.8680951667,-0.0983766667,69.2000000000,2.0625000000,3.5000000000,38.4375000000,image525.jpg,36030.5122260000
0.8392156959,-21.0000000000,5,50.8680951667,-0.0983770000,69.2000000000,4.4375000000,3.8125000000,39.8125000000,image527.jpg,36161.3372780000
0.8078431487,-18.0000000000,5,50.8680955000,-0.0983773333,69.2000000000,4.3750000000,3.5625000000,41.6250000000,image528.jpg,36230.5037360000
0.8392156959,-16.0000000000,5,50.8680956667,-0.0983776667,69.2000000000,3.3750000000,2.8750000000,43.1875000000,image530.jpg,36361.9661840000
0.8392156959,-22.0000000000,5,50.8680960000,-0.0983776667,69.3000000000,2.9375000000,2.8125000000,44.1875000000,image531.jpg,36430.8148820000
0.8078431487,-29.0000000000,5,50.8680961667,-0.0983780000,69.3000000000,3.5000000000,2.9375000000,47.1875000000,image533.jpg,36561.8307670000
0.8392156959,-34.0000000000,5,50.8680965000,-0.0983781667,69.3000000000,3.0625000000,2.9375000000,48.5000000000,image534.jpg,36629.4659240000
0.8549019694,-35.0000000000,5,50.8680970000,-0.0983781667,69.3000000000,2.6875000000,3.0625000000,50.1250000000,image536.jpg,36762.6517570000
0.8392156959,-35.0000000000,5,50.8680971667,-0.0983783333,69.3000000000,2.8125000000,3.0000000000,51.0625000000,image538.jpg,36899.7133190000
0.8078431487,-35.0000000000,5,50.8680971667,-0.0983783333,69.3000000000,3.1250000000,3.1250000000,51.3125000000,image539.jpg,36961.1731110000
0.8392156959,-30.0000000000,5,50.8680971667,-0.0983785000,69.3000000000,3.5000000000,3.1875000000,51.5000000000,image540.jpg,37029.9606630000
0.8078431487,4.0000000000,5,50.8680971667,-0.0983785000,69.3000000000,3.6875000000,3.1875000000,51.9375000000,image542.jpg,37161.5568610000
0.8156862855,-35.0000000000,5,50.8680973333,-0.0983785000,69.3000000000,5.0000000000,3.5625000000,52.6875000000,image545.jpg,37361.6851420000
0.8156862855,-35.0000000000,5,50.8680973333,-0.0983785000,69.3000000000,5.2500000000,3.8125000000,53.2500000000,image546.jpg,37429.3314440000
0.8156862855,-35.0000000000,5,50.8680975000,-0.0983786667,69.3000000000,5.1250000000,4.3125000000,54.5625000000,image548.jpg,37561.4554550000
0.8156862855,-35.0000000000,5,50.8680978333,-0.0983786667,69.3000000000,4.8750000000,4.4375000000,55.3750000000,image549.jpg,37629.5963920000
0.7372549176,-8.0000000000,5,50.8680981667,-0.0983788333,69.3000000000,4.6875000000,4.0625000000,57.0000000000,image551.jpg,37760.4635800000
0.8235294223,34.0000000000,5,50.8680983333,-0.0983790000,69.3000000000,5.3125000000,4.3125000000,57.8750000000,image552.jpg,37829.3795170000
0.8235294223,-29.0000000000,5,50.8680983333,-0.0983791667,69.3000000000,5.8125000000,4.8125000000,58.8125000000,image554.jpg,37962.9811320000
0.7686274648,-35.0000000000,5,50.8680983333,-0.0983791667,69.2000000000,5.6250000000,5.3750000000,59.1875000000,image555.jpg,38027.5886320000
0.8078431487,-35.0000000000,5,50.8680985000,-0.0983793333,69.2000000000,3.8125000000,5.6250000000,60.6875000000,image557.jpg,38162.8079540000
0.8156862855,-2.0000000000,5,50.8680985000,-0.0983793333,69.2000000000,3.5000000000,5.1250000000,61.6875000000,image559.jpg,38295.6713400000
0.8156862855,33.0000000000,5,50.8680985000,-0.0983793333,69.2000000000,3.6250000000,5.1875000000,61.8125000000,image560.jpg,38363.8489960000
0.8156862855,35.0000000000,5,50.8680985000,-0.0983793333,69.3000000000,3.5625000000,5.1875000000,61.8750000000,image561.jpg,38427.4096730000
0.7921568751,-3.0000000000,5,50.8680983333,-0.0983793333,69.3000000000,3.5625000000,5.1250000000,61.9375000000,image563.jpg,38563.6582670000
0.7921568751,-35.0000000000,5,50.8680983333,-0.0983793333,69.3000000000,3.5625000000,4.9375000000,61.9375000000,image564.jpg,38628.0430060000
0.5098039508,-35.0000000000,5,50.8680983333,-0.0983793333,69.2000000000,3.5625000000,4.6250000000,61.8750000000,image566.jpg,38762.8934750000
0.2588235438,32.0000000000,5,50.8680983333,-0.0983793333,69.3000000000,3.6250000000,4.3750000000,61.8750000000,image568.jpg,38895.9997770000
0.0000000000,33.0000000000,5,50.8680983333,-0.0983793333,69.3000000000,3.5625000000,4.2500000000,61.9375000000,image569.jpg,38963.1132140000
-0.1176470593,33.0000000000,5,50.8680983333,-0.0983793333,69.3000000000,3.3750000000,4.1875000000,62.0000000000,image570.jpg,39027.1814960000
-0.9960784316,-35.0000000000,5,50.8680983333,-0.0983793333,69.3000000000,2.9375000000,4.3750000000,61.8125000000,image572.jpg,39163.1874850000
-0.9960784316,-35.0000000000,5,50.8680983333,-0.0983793333,69.3000000000,1.7500000000,3.8750000000,59.3750000000,image573.jpg,39231.6636830000
-0.9960784316,-35.0000000000,5,50.8680981667,-0.0983790000,69.2000000000,4.0000000000,3.3125000000,57.1250000000,image575.jpg,39363.5124330000
-0.9960784316,-29.0000000000,5,50.8680980000,-0.0983788333,69.2000000000,4.5000000000,2.6875000000,56.2500000000,image576.jpg,39430.5435790000
-0.9960784316,34.0000000000,5,50.8680978333,-0.0983786667,69.2000000000,2.8125000000,2.5625000000,53.0000000000,image578.jpg,39563.9218080000
-0.9960784316,34.0000000000,5,50.8680976667,-0.0983783333,69.2000000000,2.0625000000,1.4375000000,51.0625000000,image579.jpg,39630.9187870000
-0.5019608140,32.0000000000,5,50.8680975000,-0.0983783333,69.2000000000,1.5625000000,0.7500000000,49.0625000000,image581.jpg,39764.1912870000
0.0313725509,-15.0000000000,5,50.8680975000,-0.0983780000,69.2000000000,1.3125000000,1.0000000000,47.8750000000,image582.jpg,39831.0329540000
0.0470588244,-35.0000000000,5,50.8680973333,-0.0983778333,69.2000000000,3.1250000000,1.0000000000,46.6250000000,image584.jpg,39964.2829020000
0.0470588244,-35.0000000000,5,50.8680971667,-0.0983778333,69.2000000000,3.4375000000,1.0000000000,46.5625000000,image585.jpg,40032.0428500000
-0.0156862754,-35.0000000000,5,50.8680971667,-0.0983778333,69.2000000000,3.4375000000,0.9375000000,46.8125000000,image587.jpg,40164.8809740000
0.0313725509,-32.0000000000,5,50.8680971667,-0.0983778333,69.2000000000,3.5625000000,0.9375000000,46.9375000000,image588.jpg,40233.2288910000
0.0392156877,4.0000000000,5,50.8680971667,-0.0983778333,69.2000000000,3.5625000000,0.8750000000,46.9375000000,image590.jpg,40365.9132660000
0.0235294122,16.0000000000,5,50.8680971667,-0.0983778333,69.2000000000,3.5000000000,0.8125000000,46.8750000000,image591.jpg,40433.9037350000
0.7372549176,-14.0000000000,5,50.8680971667,-0.0983778333,69.2000000000,3.5000000000,0.8750000000,46.7500000000,image593.jpg,40563.3940470000
0.8549019694,-20.0000000000,5,50.8680971667,-0.0983778333,69.2000000000,3.5625000000,1.1875000000,47.2500000000,image594.jpg,40631.4125370000
0.7843137383,-35.0000000000,5,50.8680971667,-0.0983780000,69.2000000000,2.9375000000,1.6875000000,46.6875000000,image596.jpg,40763.5118600000
0.7686274648,-35.0000000000,5,50.8680973333,-0.0983781667,69.2000000000,2.6875000000,1.5000000000,46.6875000000,image597.jpg,40831.1707140000
0.7686274648,-35.0000000000,5,50.8680976667,-0.0983785000,69.2000000000,3.0625000000,1.3125000000,47.6875000000,image599.jpg,40964.8712870000
0.7686274648,-35.0000000000,5,50.8680981667,-0.0983786667,69.2000000000,3.4375000000,1.1250000000,48.8750000000,image600.jpg,41031.3679530000
0.7607843280,-35.0000000000,5,50.8680985000,-0.0983790000,69.2000000000,2.6875000000,2.1250000000,50.7500000000,image602.jpg,41164.5152970000
0.7294117808,-35.0000000000,5,50.8680986667,-0.0983791667,69.2000000000,2.0625000000,2.8750000000,51.6250000000,image603.jpg,41232.6198280000
0.7215686440,-35.0000000000,5,50.8680985000,-0.0983795000,69.2000000000,4.2500000000,3.3750000000,53.0000000000,image605.jpg,41367.6961820000
0.7529411912,-35.0000000000,5,50.8680985000,-0.0983798333,69.2000000000,4.0625000000,3.3750000000,53.6250000000,image606.jpg,41430.8949320000
0.7450980544,-35.0000000000,5,50.8680986667,-0.0983800000,69.2000000000,3.6875000000,3.5625000000,54.6250000000,image608.jpg,41563.2398280000
0.7137255073,-35.0000000000,5,50.8680986667,-0.0983800000,69.2000000000,3.2500000000,3.3750000000,55.2500000000,image609.jpg,41631.0583700000
0.8235294223,-35.0000000000,5,50.8680988333,-0.0983800000,69.2000000000,2.6250000000,3.5000000000,56.1875000000,image611.jpg,41763.6663910000
0.8156862855,-35.0000000000,5,50.8680990000,-0.0983801667,69.2000000000,2.7500000000,3.5625000000,56.5000000000,image612.jpg,41831.9544110000
0.8235294223,-13.0000000000,5,50.8680990000,-0.0983801667,69.2000000000,3.0625000000,3.9375000000,57.0000000000,image614.jpg,41967.0420680000
0.8627451062,0.0000000000,5,50.8680991667,-0.0983801667,69.2000000000,3.1875000000,4.0000000000,57.3125000000,image615.jpg,42031.7775360000
0.8549019694,34.0000000000,5,50.8680991667,-0.0983801667,69.3000000000,3.4375000000,4.0625000000,57.9375000000,image617.jpg,42166.8346720000
0.8549019694,34.0000000000,5,50.8680991667,-0.0983801667,69.3000000000,3.4375000000,3.8750000000,58.1250000000,image618.jpg,42232.0579010000
0.2980392277,34.0000000000,5,50.8680993333,-0.0983801667,69.3000000000,3.5625000000,3.8750000000,58.3125000000,image620.jpg,42366.8948280000
-0.1960784346,-17.0000000000,5,50.8680993333,-0.0983801667,69.3000000000,3.5000000000,3.8125000000,58.3125000000,image621.jpg,42432.0286300000
-0.9960784316,-35.0000000000,5,50.8680993333,-0.0983801667,69.3000000000,2.4375000000,3.6250000000,58.8125000000,image623.jpg,42567.4454010000
-0.9960784316,-35.0000000000,5,50.8680993333,-0.0983801667,69.3000000000,1.5625000000,3.4375000000,58.5000000000,image624.jpg,42633.9114940000
-0.9960784316,-35.0000000000,5,50.8680993333,-0.0983800000,69.3000000000,1.3125000000,2.9375000000,57.0000000000,image626.jpg,42768.0325360000
-0.9960784316,-35.0000000000,5,50.8680991667,-0.0983796667,69.3000000000,2.1875000000,2.6250000000,55.8750000000,image627.jpg,42835.9326400000
-0.9960784316,-35.0000000000,5,50.8680991667,-0.0983795000,69.3000000000,2.8125000000,2.2500000000,53.6250000000,image629.jpg,42969.0506610000
-0.9960784316,-35.0000000000,5,50.8680990000,-0.0983791667,69.2000000000,2.1250000000,1.0000000000,52.8125000000,image630.jpg,43034.0493070000
-0.9960784316,-35.0000000000,5,50.8680988333,-0.0983788333,69.2000000000,1.2500000000,0.1875000000,48.8750000000,image632.jpg,43167.8889940000
-0.9960784316,-18.0000000000,5,50.8680983333,-0.0983783333,69.2000000000,0.7500000000,0.0000000000,47.5625000000,image633.jpg,43234.9967550000
-0.2196078449,34.0000000000,5,50.8680980000,-0.0983780000,69.2000000000,0.8125000000,0.5625000000,45.0000000000,image635.jpg,43367.5872750000
0.0313725509,33.0000000000,5,50.8680975000,-0.0983778333,69.2000000000,2.0625000000,0.1875000000,43.7500000000,image636.jpg,43435.7758690000
0.0392156877,35.0000000000,5,50.8680970000,-0.0983778333,69.3000000000,3.1250000000,-0.1875000000,42.6875000000,image638.jpg,43567.9020150000
0.0235294122,6.0000000000,5,50.8680970000,-0.0983776667,69.3000000000,2.7500000000,-0.1250000000,43.0000000000,image639.jpg,43636.0626920000
0.0549019612,-35.0000000000,5,50.8680971667,-0.0983778333,69.3000000000,2.1875000000,0.0000000000,44.0625000000,image641.jpg,43767.2543060000
0.0392156877,-35.0000000000,5,50.8680970000,-0.0983778333,69.3000000000,2.4375000000,0.0000000000,44.0000000000,image642.jpg,43836.5617020000
0.0313725509,-35.0000000000,5,50.8680970000,-0.0983778333,69.3000000000,2.8750000000,0.1250000000,44.1250000000,image644.jpg,43968.2719110000
0.0313725509,-33.0000000000,5,50.8680970000,-0.0983778333,69.3000000000,2.9375000000,0.1250000000,44.2500000000,image645.jpg,44037.3752960000
0.0470588244,-35.0000000000,5,50.8680968333,-0.0983778333,69.3000000000,2.9375000000,0.0625000000,44.3125000000,image647.jpg,44168.3768580000
0.0470588244,-35.0000000000,5,50.8680970000,-0.0983778333,69.3000000000,2.9375000000,0.1250000000,44.3125000000,image648.jpg,44236.1007120000
-0.0392156877,-35.0000000000,5,50.8680968333,-0.0983778333,69.3000000000,2.9375000000,0.1250000000,44.3125000000,image650.jpg,44368.8422230000
0.0392156877,-18.0000000000,5,50.8680970000,-0.0983778333,69.3000000000,2.9375000000,0.1250000000,44.3125000000,image651.jpg,44435.7127960000
0.0313725509,14.0000000000,5,50.8680970000,-0.0983778333,69.3000000000,3.0000000000,0.0625000000,44.1875000000,image653.jpg,44566.7340460000
0.0313725509,16.0000000000,5,50.8680968333,-0.0983778333,69.2000000000,2.9375000000,0.0000000000,43.9375000000,image654.jpg,44635.3143580000
0.0470588244,21.0000000000,5,50.8680970000,-0.0983778333,69.2000000000,2.8750000000,0.0000000000,43.6875000000,image656.jpg,44769.3610770000
-0.0078431377,11.0000000000,5,50.8680970000,-0.0983778333,69.3000000000,2.8750000000,0.0000000000,43.6875000000,image657.jpg,44835.6087330000
0.0313725509,-12.0000000000,5,50.8680970000,-0.0983780000,69.3000000000,2.8750000000,0.0000000000,43.6875000000,image659.jpg,44967.3986810000
0.0392156877,-34.0000000000,5,50.8680970000,-0.0983780000,69.3000000000,2.8750000000,0.0000000000,43.8750000000,image660.jpg,45035.6132120000
0.0313725509,-35.0000000000,5,50.8680970000,-0.0983780000,69.3000000000,3.0625000000,0.0625000000,44.1875000000,image662.jpg,45167.6825350000
0.0313725509,-35.0000000000,5,50.8680970000,-0.0983780000,69.3000000000,3.0625000000,0.0625000000,44.2500000000,image663.jpg,45236.7069620000
0.0470588244,-18.0000000000,5,50.8680971667,-0.0983780000,69.2000000000,3.1250000000,0.1250000000,44.2500000000,image665.jpg,45372.5560770000
0.0470588244,3.0000000000,5,50.8680971667,-0.0983778333,69.3000000000,3.1250000000,0.1250000000,44.2500000000,image666.jpg,45435.9359200000
-0.0156862754,32.0000000000,5,50.8680971667,-0.0983778333,69.3000000000,3.0625000000,0.0625000000,43.9375000000,image668.jpg,45569.5062330000
0.0313725509,34.0000000000,5,50.8680971667,-0.0983780000,69.3000000000,3.0000000000,0.0000000000,43.6875000000,image669.jpg,45635.3165970000
-0.1098039225,31.0000000000,5,50.8680971667,-0.0983780000,69.3000000000,2.9375000000,0.0000000000,43.6250000000,image671.jpg,45772.6967540000
-0.6666666865,7.0000000000,5,50.8680971667,-0.0983778333,69.3000000000,2.9375000000,0.0000000000,43.6250000000,image672.jpg,45836.8533160000
-0.8392156959,-31.0000000000,5,50.8680971667,-0.0983778333,69.3000000000,2.3125000000,-0.3125000000,44.5625000000,image674.jpg,45971.7902430000
-0.9019607902,-35.0000000000,5,50.8680971667,-0.0983778333,69.3000000000,2.1875000000,-0.2500000000,44.0000000000,image675.jpg,46034.5242530000
-0.8392156959,-35.0000000000,5,50.8680970000,-0.0983775000,69.3000000000,1.5000000000,-0.1875000000,44.2500000000,image677.jpg,46171.1854510000
-0.8470588326,-35.0000000000,5,50.8680970000,-0.0983771667,69.3000000000,1.0000000000,-0.0625000000,44.0625000000,image678.jpg,46242.8496700000
-0.8784313798,-35.0000000000,5,50.8680968333,-0.0983768333,69.3000000000,1.8750000000,0.3125000000,43.8125000000,image680.jpg,46371.5539930000
-0.8784313798,-35.0000000000,5,50.8680963333,-0.0983765000,69.3000000000,1.8125000000,0.6250000000,43.6250000000,image681.jpg,46436.0969620000
0.0862745121,-25.0000000000,5,50.8680958333,-0.0983761667,69.3000000000,-0.3750000000,0.8750000000,42.1875000000,image683.jpg,46570.8233160000
0.2823529541,-23.0000000000,5,50.8680955000,-0.0983756667,69.3000000000,-1.2500000000,1.5000000000,40.9375000000,image684.jpg,46634.8708680000
0.4470588267,-4.0000000000,5,50.8680953333,-0.0983751667,69.3000000000,1.1250000000,2.4375000000,40.8750000000,image686.jpg,46770.8945140000
0.5725490451,-9.0000000000,5,50.8680951667,-0.0983753333,69.3000000000,0.8125000000,2.1250000000,40.7500000000,image687.jpg,46834.7920660000
0.6039215922,-26.0000000000,5,50.8680951667,-0.0983755000,69.3000000000,0.0625000000,1.6875000000,40.4375000000,image689.jpg,46972.1061280000
0.6352941394,-30.0000000000,5,50.8680951667,-0.0983756667,69.3000000000,0.1250000000,1.4375000000,40.3125000000,image690.jpg,47038.8873260000
0.6509804130,-35.0000000000,5,50.8680953333,-0.0983758333,69.3000000000,1.1250000000,1.3125000000,39.8125000000,image692.jpg,47173.4355030000
0.5803921819,-35.0000000000,5,50.8680953333,-0.0983761667,69.3000000000,1.8750000000,1.1875000000,39.5625000000,image693.jpg,47238.9475860000
0.6980392337,-35.0000000000,5,50.8680956667,-0.0983763333,69.3000000000,2.8750000000,0.8125000000,38.1250000000,image695.jpg,47371.6677430000
0.7137255073,-35.0000000000,5,50.8680956667,-0.0983766667,69.3000000000,2.6250000000,0.5625000000,37.4375000000,image696.jpg,47439.9440450000
0.7450980544,-35.0000000000,5,50.8680958333,-0.0983770000,69.3000000000,2.4375000000,0.1250000000,35.8125000000,image698.jpg,47571.7639920000
0.7372549176,-35.0000000000,5,50.8680960000,-0.0983775000,69.3000000000,2.0625000000,0.0625000000,34.9375000000,image699.jpg,47639.0923780000
0.7372549176,-35.0000000000,5,50.8680961667,-0.0983776667,69.4000000000,1.8125000000,0.0000000000,33.3750000000,image701.jpg,47772.1868570000
0.7058823705,-35.0000000000,5,50.8680963333,-0.0983780000,69.4000000000,1.8125000000,0.5000000000,32.5625000000,image702.jpg,47839.0065970000
0.7215686440,-35.0000000000,5,50.8680965000,-0.0983783333,69.4000000000,1.5625000000,1.3125000000,31.5000000000,image704.jpg,47971.7850860000
0.7372549176,-35.0000000000,5,50.8680965000,-0.0983786667,69.4000000000,1.4375000000,1.1875000000,30.6250000000,image705.jpg,48039.6851380000
0.7764706016,-28.0000000000,5,50.8680966667,-0.0983790000,69.4000000000,1.0625000000,-0.3750000000,29.0625000000,image707.jpg,48174.8192530000
0.7686274648,-22.0000000000,5,50.8680970000,-0.0983795000,69.4000000000,2.0625000000,-0.6250000000,28.7500000000,image708.jpg,48239.4976900000
0.7686274648,-24.0000000000,5,50.8680971667,-0.0983800000,69.4000000000,3.1250000000,-0.5000000000,27.5000000000,image710.jpg,48371.1701380000
0.7372549176,-23.0000000000,5,50.8680970000,-0.0983801667,69.4000000000,2.8750000000,-0.5000000000,27.1875000000,image711.jpg,48440.6706590000
0.7921568751,13.0000000000,5,50.8680971667,-0.0983803333,69.4000000000,2.1875000000,-0.1875000000,26.1250000000,image713.jpg,48571.9110750000
0.7921568751,31.0000000000,5,50.8680973333,-0.0983805000,69.4000000000,2.3125000000,0.0000000000,25.6250000000,image714.jpg,48639.2133670000
0.7686274648,34.0000000000,5,50.8680975000,-0.0983805000,69.4000000000,3.5000000000,0.3750000000,24.9375000000,image716.jpg,48772.1023770000
0.8000000119,33.0000000000,5,50.8680975000,-0.0983808333,69.4000000000,4.3750000000,0.7500000000,24.1875000000,image717.jpg,48838.7424820000
0.8156862855,34.0000000000,5,50.8680975000,-0.0983810000,69.4000000000,4.8125000000,1.7500000000,23.5000000000,image719.jpg,48976.7260750000
0.7764706016,34.0000000000,5,50.8680976667,-0.0983811667,69.4000000000,4.7500000000,1.8125000000,23.3125000000,image720.jpg,49039.1835750000
0.8156862855,35.0000000000,5,50.8680978333,-0.0983815000,69.4000000000,4.8750000000,1.8750000000,24.0000000000,image722.jpg,49175.9270650000
0.7764706016,33.0000000000,5,50.8680978333,-0.0983816667,69.4000000000,5.3125000000,1.8750000000,24.3750000000,image723.jpg,49239.1759190000
0.8235294223,30.0000000000,5,50.8680978333,-0.0983820000,69.4000000000,6.9375000000,2.1875000000,25.1875000000,image725.jpg,49376.7460750000
0.8862745166,9.0000000000,5,50.8680980000,-0.0983823333,69.4000000000,7.4375000000,2.3125000000,25.3750000000,image726.jpg,49440.0314920000
0.9490196109,-8.0000000000,5,50.8680981667,-0.0983826667,69.4000000000,8.1875000000,3.5000000000,26.6875000000,image728.jpg,49576.0655540000
0.9098039269,-10.0000000000,5,50.8680980000,-0.0983831667,69.4000000000,8.5000000000,4.0000000000,27.0000000000,image729.jpg,49639.8902420000
0.9490196109,-15.0000000000,5,50.8680981667,-0.0983835000,69.4000000000,7.6875000000,4.3125000000,28.1250000000,image731.jpg,49776.2103460000
0.9411764741,-24.0000000000,5,50.8680981667,-0.0983838333,69.4000000000,7.4375000000,4.5000000000,28.3750000000,image732.jpg,49839.6524290000
0.9098039269,-35.0000000000,5,50.8680983333,-0.0983841667,69.4000000000,6.7500000000,4.9375000000,29.3125000000,image734.jpg,49976.0417520000
0.9411764741,-35.0000000000,5,50.8680985000,-0.0983841667,69.4000000000,6.0625000000,5.0000000000,29.6875000000,image735.jpg,50040.2309710000
0.9490196109,-35.0000000000,5,50.8680985000,-0.0983843333,69.4000000000,5.3750000000,5.1250000000,30.9375000000,image737.jpg,50175.2137830000
0.9176470637,-35.0000000000,5,50.8680986667,-0.0983845000,69.4000000000,5.5625000000,5.5000000000,31.6875000000,image738.jpg,50244.1605020000
0.9333333373,-35.0000000000,5,50.8680988333,-0.0983846667,69.4000000000,6.0000000000,3.7500000000,33.2500000000,image740.jpg,50375.2491480000
0.9333333373,-32.0000000000,5,50.8680990000,-0.0983850000,69.4000000000,5.9375000000,2.6875000000,33.8125000000,image741.jpg,50439.7027930000
0.9803921580,-2.0000000000,5,50.8680990000,-0.0983853333,69.4000000000,4.0625000000,1.5000000000,34.8750000000,image743.jpg,50576.6958140000
0.9803921580,19.0000000000,5,50.8680995000,-0.0983853333,69.4000000000,3.6875000000,1.5625000000,35.6250000000,image744.jpg,50645.0964910000
0.9803921580,-1.0000000000,5,50.8680995000,-0.0983855000,69.4000000000,4.1875000000,2.0625000000,37.1250000000,image746.jpg,50775.9420120000
0.9803921580,-34.0000000000,5,50.8680998333,-0.0983858333,69.4000000000,4.6250000000,1.9375000000,37.7500000000,image747.jpg,50844.1214390000
0.9803921580,-35.0000000000,5,50.8681001667,-0.0983861667,69.4000000000,5.6250000000,0.2500000000,38.0000000000,image749.jpg,50975.9483140000
0.9803921580,-35.0000000000,5,50.8681005000,-0.0983866667,69.3000000000,5.7500000000,0.0000000000,38.3750000000,image750.jpg,51044.4406060000
0.9333333373,-35.0000000000,5,50.8681003333,-0.0983868333,69.3000000000,6.2500000000,0.0000000000,38.6875000000,image752.jpg,51175.1490950000
0.9803921580,-35.0000000000,5,50.8681001667,-0.0983870000,69.3000000000,6.3750000000,-0.0625000000,38.8750000000,image753.jpg,51243.0375850000
0.9803921580,-35.0000000000,5,50.8681001667,-0.0983870000,69.3000000000,6.6875000000,-0.1875000000,39.0625000000,image755.jpg,51375.2128970000
0.9333333373,-24.0000000000,5,50.8681001667,-0.0983870000,69.3000000000,6.6250000000,-0.2500000000,39.2500000000,image756.jpg,51443.1580530000
0.0549019612,11.0000000000,5,50.8681001667,-0.0983870000,69.3000000000,6.6250000000,-0.1250000000,39.4375000000,image758.jpg,51574.9857620000
-0.0078431377,18.0000000000,5,50.8681003333,-0.0983871667,69.3000000000,6.4375000000,-0.1875000000,39.6875000000,image759.jpg,51643.8922720000
0.0549019612,25.0000000000,5,50.8681003333,-0.0983870000,69.3000000000,6.3125000000,-0.3125000000,39.7500000000,image761.jpg,51775.7561260000
-0.1725490242,26.0000000000,5,50.8681003333,-0.0983870000,69.3000000000,6.3125000000,-0.3125000000,39.7500000000,image762.jpg,51844.8080010000
-0.0784313753,-35.0000000000,5,50.8681003333,-0.0983870000,69.4000000000,5.9375000000,-0.6875000000,39.8125000000,image764.jpg,51975.4320640000
0.0235294122,-35.0000000000,5,50.8681005000,-0.0983870000,69.4000000000,5.6875000000,-0.6875000000,40.2500000000,image765.jpg,52044.2576890000
0.6039215922,-35.0000000000,5,50.8681003333,-0.0983868333,69.4000000000,5.6875000000,-0.6875000000,40.0000000000,image767.jpg,52176.0676890000
0.8627451062,-35.0000000000,5,50.8681003333,-0.0983868333,69.4000000000,5.7500000000,-0.6250000000,39.8750000000,image768.jpg,52245.4948240000
0.7215686440,-35.0000000000,5,50.8681003333,-0.0983866667,69.4000000000,6.3750000000,-0.5625000000,39.5000000000,image770.jpg,52375.9165430000
0.4862745106,-34.0000000000,5,50.8681005000,-0.0983870000,69.4000000000,6.3750000000,-0.3750000000,39.0000000000,image771.jpg,52444.7057090000
0.0392156877,24.0000000000,5,50.8681005000,-0.0983871667,69.4000000000,6.0000000000,-0.4375000000,38.5625000000,image773.jpg,52574.8687820000
-0.0470588244,30.0000000000,5,50.8681003333,-0.0983875000,69.3000000000,5.9375000000,-0.3750000000,38.6250000000,image774.jpg,52645.6068030000
0.0392156877,34.0000000000,5,50.8681001667,-0.0983875000,69.3000000000,5.8125000000,-0.2500000000,38.6875000000,image776.jpg,52775.8158650000
0.0549019612,34.0000000000,5,50.8681001667,-0.0983875000,69.3000000000,5.8750000000,-0.0625000000,39.0000000000,image779.jpg,52979.8974800000
0.0392156877,34.0000000000,5,50.8681001667,-0.0983873333,69.3000000000,5.9375000000,-0.0625000000,39.0000000000,image780.jpg,53044.8146670000
0.0392156877,-9.0000000000,5,50.8681000000,-0.0983873333,69.3000000000,5.9375000000,-0.0625000000,39.0625000000,image782.jpg,53179.8394070000
0.0392156877,-35.0000000000,5,50.8681001667,-0.0983873333,69.3000000000,5.8750000000,-0.0625000000,39.1250000000,image783.jpg,53244.5536260000
0.0549019612,-35.0000000000,5,50.8681000000,-0.0983875000,69.3000000000,5.7500000000,-0.2500000000,39.0625000000,image785.jpg,53378.9317510000
0.0549019612,-35.0000000000,5,50.8681000000,-0.0983875000,69.3000000000,5.8125000000,-0.2500000000,39.0625000000,image786.jpg,53445.7393030000
0.0392156877,-35.0000000000,5,50.8681000000,-0.0983875000,69.3000000000,5.8125000000,-0.2500000000,39.2500000000,image788.jpg,53581.8631570000
0.0392156877,-24.0000000000,5,50.8681000000,-0.0983875000,69.3000000000,5.8125000000,-0.3125000000,39.2500000000,image789.jpg,53646.4298230000
0.3058823645,15.0000000000,5,50.8681000000,-0.0983875000,69.3000000000,5.8125000000,-0.3750000000,39.1875000000,image791.jpg,53780.6610210000
0.5333333611,15.0000000000,5,50.8681000000,-0.0983875000,69.3000000000,5.8125000000,-0.3750000000,39.0000000000,image792.jpg,53847.1716980000
0.7529411912,-10.0000000000,5,50.8681000000,-0.0983875000,69.3000000000,6.2500000000,-0.3750000000,38.8125000000,image794.jpg,53980.7530530000
0.6901960969,-19.0000000000,5,50.8681001667,-0.0983875000,69.3000000000,6.2500000000,-0.4375000000,38.9375000000,image795.jpg,54042.9819070000
0.7450980544,-35.0000000000,5,50.8681003333,-0.0983878333,69.3000000000,6.1875000000,-1.0000000000,38.8750000000,image797.jpg,54180.4566460000
0.7450980544,-35.0000000000,5,50.8681005000,-0.0983878333,69.3000000000,5.8750000000,-1.3750000000,38.7500000000,image798.jpg,54249.5861770000
0.7607843280,-35.0000000000,5,50.8681005000,-0.0983880000,69.3000000000,5.5625000000,-1.3125000000,38.6250000000,image800.jpg,54379.1647190000
0.8235294223,-35.0000000000,5,50.8681006667,-0.0983883333,69.3000000000,6.0000000000,-0.8125000000,38.5625000000,image801.jpg,54447.2011250000
0.8941176534,-35.0000000000,5,50.8681006667,-0.0983886667,69.3000000000,5.6250000000,0.3750000000,38.0625000000,image803.jpg,54579.1210210000
0.9019607902,-35.0000000000,5,50.8681010000,-0.0983891667,69.3000000000,4.2500000000,0.7500000000,38.1875000000,image804.jpg,54646.7159170000
0.9176470637,-35.0000000000,5,50.8681011667,-0.0983895000,69.3000000000,3.3750000000,2.1875000000,39.3750000000,image806.jpg,54780.5323750000
0.9568627477,-35.0000000000,5,50.8681016667,-0.0983896667,69.3000000000,4.1250000000,3.0000000000,40.0625000000,image807.jpg,54849.1294060000
1.0039216280,-35.0000000000,5,50.8681018333,-0.0983900000,69.3000000000,4.5000000000,2.4375000000,42.6250000000,image809.jpg,54981.2084170000
0.9882352948,-35.0000000000,5,50.8681020000,-0.0983905000,69.3000000000,5.6250000000,2.4375000000,43.2500000000,image810.jpg,55051.1096670000
1.0039216280,-35.0000000000,5,50.8681023333,-0.0983908333,69.3000000000,7.7500000000,3.1250000000,44.3125000000,image812.jpg,55180.4316460000
1.0039216280,-35.0000000000,5,50.8681026667,-0.0983908333,69.3000000000,8.0625000000,3.5625000000,44.6875000000,image813.jpg,55249.8815940000
1.0039216280,-35.0000000000,5,50.8681028333,-0.0983910000,69.3000000000,7.7500000000,3.3750000000,46.3750000000,image815.jpg,55381.6289370000
1.0039216280,-35.0000000000,5,50.8681031667,-0.0983911667,69.3000000000,7.0625000000,2.2500000000,46.9375000000,image816.jpg,55449.1972190000
1.0039216280,-35.0000000000,5,50.8681035000,-0.0983915000,69.3000000000,5.5000000000,1.2500000000,48.4375000000,image818.jpg,55581.2359690000
1.0039216280,-35.0000000000,5,50.8681038333,-0.0983916667,69.3000000000,5.9375000000,1.9375000000,49.0000000000,image819.jpg,55649.5302910000
1.0039216280,-35.0000000000,5,50.8681038333,-0.0983920000,69.3000000000,7.3125000000,2.3750000000,49.8125000000,image821.jpg,55781.6066980000
1.0039216280,-35.0000000000,5,50.8681040000,-0.0983920000,69.3000000000,7.8125000000,2.5000000000,50.2500000000,image822.jpg,55850.6393540000
1.0039216280,-33.0000000000,5,50.8681041667,-0.0983921667,69.4000000000,8.4375000000,2.3750000000,50.8125000000,image824.jpg,55983.3223750000
1.0039216280,-34.0000000000,5,50.8681043333,-0.0983923333,69.4000000000,8.5625000000,2.1250000000,51.1875000000,image825.jpg,56049.0655000000
1.0039216280,-27.0000000000,5,50.8681045000,-0.0983925000,69.4000000000,8.6875000000,1.7500000000,51.7500000000,image827.jpg,56181.4399270000
1.0039216280,-21.0000000000,5,50.8681045000,-0.0983925000,69.4000000000,8.7500000000,1.5625000000,52.0625000000,image828.jpg,56249.2839890000
0.8000000119,4.0000000000,5,50.8681046667,-0.0983926667,69.4000000000,8.8750000000,1.3750000000,52.6250000000,image830.jpg,56381.0426870000
0.0313725509,13.0000000000,5,50.8681048333,-0.0983928333,69.4000000000,9.0625000000,1.5000000000,52.8125000000,image831.jpg,56449.1012290000
0.0156862754,6.0000000000,5,50.8681048333,-0.0983928333,69.4000000000,8.0625000000,1.5000000000,53.5000000000,image833.jpg,56581.5277910000
0.0470588244,-2.0000000000,5,50.8681050000,-0.0983930000,69.4000000000,8.1875000000,1.4375000000,53.6250000000,image834.jpg,56649.7725830000
0.0078431377,-1.0000000000,5,50.8681050000,-0.0983930000,69.3000000000,8.3750000000,1.5625000000,53.6250000000,image836.jpg,56781.2253430000
0.0392156877,0.0000000000,5,50.8681050000,-0.0983930000,69.3000000000,8.3125000000,1.5625000000,53.6875000000,image837.jpg,56849.9350310000
0.0392156877,2.0000000000,5,50.8681051667,-0.0983930000,69.3000000000,8.3125000000,1.3750000000,53.6250000000,image839.jpg,56983.3049260000
0.0000000000,0.0000000000,5,50.8681051667,-0.0983930000,69.3000000000,8.3125000000,1.3750000000,53.6250000000,image840.jpg,57048.7455510000
0.0549019612,2.0000000000,5,50.8681051667,-0.0983928333,69.3000000000,8.3125000000,1.3125000000,53.6250000000,image842.jpg,57186.3823740000
0.0470588244,0.0000000000,5,50.8681053333,-0.0983928333,69.3000000000,8.3125000000,1.3125000000,53.6250000000,image843.jpg,57249.3132600000
0.0392156877,0.0000000000,5,50.8681053333,-0.0983928333,69.3000000000,8.3125000000,1.3125000000,53.6250000000,image845.jpg,57385.4921140000
0.0392156877,3.0000000000,5,50.8681053333,-0.0983928333,69.3000000000,8.3125000000,1.3125000000,53.6250000000,image846.jpg,57450.0497180000
0.0392156877,0.0000000000,5,50.8681053333,-0.0983928333,69.3000000000,8.3125000000,1.2500000000,53.6250000000,image848.jpg,57585.3004990000
0.0470588244,0.0000000000,5,50.8681050000,-0.0983930000,69.3000000000,8.3125000000,1.2500000000,53.6250000000,image849.jpg,57650.1038320000
-0.0078431377,0.0000000000,5,50.8681050000,-0.0983930000,69.3000000000,8.3125000000,1.2500000000,53.6250000000,image851.jpg,57783.5962280000
0.0392156877,0.0000000000,5,50.8681050000,-0.0983930000,69.3000000000,8.3125000000,1.2500000000,53.6250000000,image852.jpg,57849.6044570000
-0.0156862754,0.0000000000,5,50.8681050000,-0.0983928333,69.3000000000,8.3125000000,1.2500000000,53.6250000000,image854.jpg,57983.3250300000
0.0392156877,0.0000000000,5,50.8681050000,-0.0983928333,69.3000000000,8.3125000000,1.2500000000,53.6250000000,image855.jpg,58051.0755510000
0.0470588244,1.0000000000,5,50.8681051667,-0.0983928333,69.3000000000,8.3125000000,1.2500000000,53.6250000000,image857.jpg,58184.5580510000
-0.0078431377,0.0000000000,5,50.8681051667,-0.0983930000,69.3000000000,8.3125000000,1.2500000000,53.6250000000,image858.jpg,58253.3343530000
0.0392156877,1.0000000000,5,50.8681051667,-0.0983928333,69.4000000000,8.3125000000,1.2500000000,53.6250000000,image860.jpg,58386.0977900000
0.0392156877,0.0000000000,5,50.8681053333,-0.0983928333,69.3000000000,8.3125000000,1.2500000000,53.6250000000,image863.jpg,58585.2756030000
0.0392156877,1.0000000000,5,50.8681050000,-0.0983930000,69.3000000000,8.3125000000,1.2500000000,53.6250000000,image864.jpg,58652.1707590000
0.0470588244,0.0000000000,5,50.8681050000,-0.0983930000,69.3000000000,8.3125000000,1.2500000000,53.6250000000,image866.jpg,58785.7742490000
0.0470588244,0.0000000000,5,50.8681048333,-0.0983931667,69.3000000000,8.3125000000,1.2500000000,53.6250000000,image867.jpg,58851.5874260000
-0.0156862754,0.0000000000,5,50.8681048333,-0.0983930000,69.3000000000,8.3125000000,1.2500000000,53.6250000000,image869.jpg,58984.1339880000
0.0392156877,0.0000000000,5,50.8681048333,-0.0983930000,69.3000000000,8.3125000000,1.2500000000,53.6250000000,image870.jpg,59050.7204460000
-0.0156862754,0.0000000000,5,50.8681048333,-0.0983931667,69.3000000000,8.3125000000,1.2500000000,53.6250000000,image872.jpg,59183.5638320000
0.0470588244,0.0000000000,5,50.8681048333,-0.0983930000,69.3000000000,8.3125000000,1.2500000000,53.6250000000,image873.jpg,59252.8588320000
0.0470588244,1.0000000000,5,50.8681048333,-0.0983930000,69.3000000000,8.3125000000,1.2500000000,53.6250000000,image875.jpg,59383.5051340000
-0.0313725509,1.0000000000,5,50.8681048333,-0.0983931667,69.3000000000,8.3125000000,1.2500000000,53.6250000000,image876.jpg,59452.4210710000
0.4470588267,0.0000000000,5,50.8681048333,-0.0983931667,69.3000000000,8.3125000000,1.2500000000,53.6250000000,image878.jpg,59584.8861230000
1.0039216280,0.0000000000,5,50.8681048333,-0.0983930000,69.3000000000,8.4375000000,1.2500000000,53.6250000000,image879.jpg,59654.0314880000
1.0039216280,0.0000000000,5,50.8681048333,-0.0983930000,69.3000000000,9.5625000000,2.4375000000,52.9375000000,image881.jpg,59783.3165920000
1.0039216280,0.0000000000,5,50.8681048333,-0.0983933333,69.3000000000,8.3125000000,1.9375000000,53.5625000000,image882.jpg,59853.7860190000
1.0039216280,0.0000000000,5,50.8681051667,-0.0983936667,69.3000000000,7.3125000000,0.2500000000,54.5000000000,image884.jpg,59985.1190400000
1.0039216280,0.0000000000,5,50.8681055000,-0.0983940000,69.3000000000,6.6250000000,0.1250000000,54.3125000000,image885.jpg,60054.2950810000
-0.0078431377,2.0000000000,5,50.8681058333,-0.0983940000,69.4000000000,4.8125000000,0.2500000000,53.8750000000,image887.jpg,60187.0763830000
0.0549019612,0.0000000000,5,50.8681060000,-0.0983941667,69.4000000000,3.8750000000,1.2500000000,53.6875000000,image888.jpg,60254.0122690000
0.0862745121,0.0000000000,5,50.8681065000,-0.0983945000,69.4000000000,5.4375000000,-0.4375000000,54.0000000000,image890.jpg,60383.1676330000
0.0627451017,0.0000000000,5,50.8681065000,-0.0983950000,69.4000000000,5.8125000000,-0.1875000000,53.9375000000,image891.jpg,60458.2908630000
0.0470588244,0.0000000000,5,50.8681063333,-0.0983946667,69.4000000000,5.0625000000,0.2500000000,54.0625000000,image893.jpg,60585.1923210000
0.0156862754,1.0000000000,5,50.8681063333,-0.0983946667,69.4000000000,5.0000000000,0.4375000000,54.1250000000,image894.jpg,60653.8540400000
0.0470588244,0.0000000000,5,50.8681063333,-0.0983946667,69.3000000000,5.0625000000,0.3750000000,54.1250000000,image896.jpg,60787.2191960000
0.0627451017,0.0000000000,5,50.8681063333,-0.0983946667,69.4000000000,5.1250000000,0.2500000000,54.1250000000,image897.jpg,60852.1972170000
0.0627451017,0.0000000000,5,50.8681063333,-0.0983946667,69.3000000000,5.1875000000,0.0625000000,54.1250000000,image899.jpg,60989.7756540000
0.0627451017,0.0000000000,5,50.8681063333,-0.0983946667,69.4000000000,5.1875000000,0.0625000000,54.1250000000,image900.jpg,61053.1784660000
0.0470588244,0.0000000000,5,50.8681063333,-0.0983946667,69.4000000000,5.1875000000,0.0625000000,54.1250000000,image902.jpg,61188.6319560000
0.0470588244,0.0000000000,5,50.8681065000,-0.0983946667,69.4000000000,5.1875000000,0.0625000000,54.1250000000,image903.jpg,61254.8569040000
0.0078431377,2.0000000000,5,50.8681065000,-0.0983948333,69.4000000000,5.1875000000,0.0625000000,54.1250000000,image905.jpg,61897.4928930000
0.0235294122,0.0000000000,5,50.8681063333,-0.0983946667,69.3000000000,5.1875000000,0.0000000000,54.1250000000,image906.jpg,61923.6245080000
0.0627451017,0.0000000000,5,50.8681061667,-0.0983948333,69.3000000000,5.1875000000,0.0000000000,54.1250000000,image907.jpg,61989.5735180000
