Timestamp [ms],X [mm],Y [mm],Z [mm],Heading [degrees],Pitch [degrees],Roll [degrees],Filename,GPS quality,UTM zone
3.485575,704497534.1240381,5638660860.540614,56600.0,0.0,-1.5625,7.75,image0.jpg,4,30U
202.62533100000002,704497567.8580256,5638660898.612571,56600.0,0.0,-1.5625,7.75,image1.jpg,4,30U
402.701143,704497556.1083983,5638660898.149932,56600.0,0.0,-1.5625,7.75,image2.jpg,4,30U
602.77036,704497567.8580256,5638660898.612571,56600.0,0.0,-1.5625,7.75,image3.jpg,4,30U
801.846334,704497567.8580256,5638660898.612571,56600.0,0.0,-1.5625,7.75,image4.jpg,4,30U
1001.954996,704497567.8580256,5638660898.612571,56600.0,0.0,-1.5625,7.75,image5.jpg,4,30U
1202.0315679999999,704497567.8580256,5638660898.612571,56600.0,0.0,-1.5625,7.75,image6.jpg,4,30U
1402.6574349999999,704497556.1083983,5638660898.149932,56600.0,0.0,-1.5625,7.75,image7.jpg,4,30U
1603.08792,704497556.1083983,5638660898.149932,56600.0,0.0,-1.5625,7.75,image8.jpg,4,30U
1803.174146,704497567.8580256,5638660898.612571,56600.0,0.0,-1.5625,7.75,image9.jpg,4,30U
2003.231877,704497556.1083983,5638660898.149932,56600.0,0.0,-1.5625,7.75,image10.jpg,4,30U
2203.292264,704497567.8580256,5638660898.612571,56600.0,0.0,-1.5625,7.75,image11.jpg,4,30U
2402.412438,704497567.8580256,5638660898.612571,56600.0,0.0,-1.5625,7.75,image12.jpg,4,30U
2602.473685,704497567.8580256,5638660898.612571,56600.0,0.0,-1.5625,7.75,image13.jpg,4,30U
2802.607946,704497567.8580256,5638660898.612571,56600.0,0.0,-1.5625,7.75,image14.jpg,4,30U
3003.172095,704497567.8580256,5638660898.612571,56600.0,0.0,-1.5625,7.75,image15.jpg,4,30U
3203.775314,704497567.8580256,5638660898.612571,56600.0,0.0,-1.5625,7.75,image16.jpg,4,30U
3403.760272,704497567.8580256,5638660898.612571,56600.0,0.0,-1.5625,7.75,image17.jpg,4,30U
3604.0273799999995,704497567.8580256,5638660898.612571,56600.0,0.0,-1.5625,7.75,image18.jpg,4,30U
3803.904074,704497567.8580256,5638660898.612571,56600.0,0.0,-1.5625,7.75,image19.jpg,4,30U
4003.1685020000004,704497567.8580256,5638660898.612571,56600.0,0.0,-1.5625,7.75,image20.jpg,4,30U
4203.094738000001,704497567.8580256,5638660898.612571,56600.0,0.0,-1.5625,7.75,image21.jpg,4,30U
4403.180697,704497556.1083983,5638660898.149932,56600.0,0.0,-1.5625,7.75,image22.jpg,4,30U
4603.562246,704497567.8580256,5638660898.612571,56600.0,0.0,-1.5625,7.75,image23.jpg,4,30U
4804.335770000001,704497567.8580256,5638660898.612571,56600.0,0.0,-1.5625,7.75,image24.jpg,4,30U
5004.354083,704497556.1083983,5638660898.149932,56600.0,0.0,-1.5625,7.75,image25.jpg,4,30U
5204.39589,704497556.1083983,5638660898.149932,56600.0,0.0,-1.5625,7.75,image26.jpg,4,30U
5404.422538000001,704497556.1083983,5638660898.149932,56600.0,0.0,-1.5625,7.75,image27.jpg,4,30U
5603.954063,704497556.1083983,5638660898.149932,56600.0,0.0,-1.5625,7.75,image28.jpg,4,30U
5803.601266,704497556.1083983,5638660898.149932,56600.0,0.0,-1.5625,7.75,image29.jpg,4,30U
6003.699708,704497567.8580256,5638660898.612571,56600.0,0.0,-1.5625,7.75,image30.jpg,4,30U
6203.998087,704497556.1083983,5638660898.149932,56600.0,0.0,-1.5625,7.75,image31.jpg,4,30U
6404.700661999999,704497556.1083983,5638660898.149932,56600.0,0.0,-1.5625,7.75,image32.jpg,4,30U
6604.769868,704497556.1083983,5638660898.149932,56600.0,0.0,-1.5625,7.75,image33.jpg,4,30U
6803.881748999999,704497556.1083983,5638660898.149932,56600.0,359.875,-1.5,7.875,image34.jpg,4,30U
7003.949081000001,704497556.1083983,5638660898.149932,56600.0,359.8125,-1.3125,8.625,image35.jpg,4,30U
7204.122215,704497556.1083983,5638660898.149932,56600.0,359.8125,-1.4375,8.6875,image36.jpg,4,30U
7404.077337000001,704497556.1083983,5638660898.149932,56600.0,359.8125,-1.4375,8.625,image37.jpg,4,30U
7604.17875,704497556.1083983,5638660898.149932,56600.0,359.8125,-1.4375,8.625,image38.jpg,4,30U
7804.667957,704497556.1083983,5638660898.149932,56600.0,359.8125,-1.4375,8.625,image39.jpg,4,30U
8005.293909,704497556.1083983,5638660898.149932,56600.0,359.8125,-1.4375,8.625,image40.jpg,4,30U
8205.371787,704497556.1083983,5638660898.149932,56600.0,359.8125,-1.4375,8.625,image41.jpg,4,30U
8405.483681,704497556.1083983,5638660898.149932,56600.0,359.8125,-1.4375,8.625,image42.jpg,4,30U
8605.624807,704497556.1083983,5638660898.149932,56600.0,359.8125,-1.4375,8.625,image43.jpg,4,30U
8805.461079,704497556.1083983,5638660898.149932,56600.0,359.8125,-1.4375,8.625,image44.jpg,4,30U
9004.71224,704497544.4291297,5638660897.6900625,56600.0,359.8125,-1.4375,8.625,image45.jpg,4,30U
9204.766834,704497556.1083983,5638660898.149932,56600.0,359.8125,-1.4375,8.625,image46.jpg,4,30U
9404.857633,704497556.1083983,5638660898.149932,56600.0,359.8125,-1.4375,8.625,image47.jpg,4,30U
9605.422359999999,704497556.1083983,5638660898.149932,56600.0,359.8125,-1.4375,8.625,image48.jpg,4,30U
9805.974475,704497544.4291297,5638660897.6900625,56600.0,359.8125,-1.4375,8.625,image49.jpg,4,30U
10006.04681,704497544.4291297,5638660897.6900625,56600.0,359.8125,-1.4375,8.625,image50.jpg,4,30U
10206.140459999999,704497544.4291297,5638660897.6900625,56600.0,359.8125,-1.4375,8.625,image51.jpg,4,30U
10406.34616,704497544.4291297,5638660897.6900625,56600.0,359.8125,-1.4375,8.625,image52.jpg,4,30U
10605.34082,704497544.4291297,5638660897.6900625,56600.0,359.8125,-1.4375,8.625,image53.jpg,4,30U
10805.3916,704497544.4291297,5638660897.6900625,56600.0,359.8125,-1.4375,8.625,image54.jpg,4,30U
11005.47598,704497544.4291297,5638660897.6900625,56600.0,359.8125,-1.4375,8.625,image55.jpg,4,30U
11205.86876,704497544.4291297,5638660897.6900625,56600.0,359.8125,-1.375,8.75,image56.jpg,4,30U
11406.620920000001,704497544.4291297,5638660897.6900625,56600.0,359.8125,-1.25,9.125,image57.jpg,4,30U
11606.74346,704497532.6795025,5638660897.227424,56600.0,0.25,-0.125,10.875,image58.jpg,4,30U
11806.71349,704497435.9607189,5638660968.019958,56600.0,0.75,-0.9375,10.1875,image59.jpg,4,30U
12006.76009,704497350.2208278,5638661057.059909,56600.0,1.3125,-2.25,8.6875,image60.jpg,4,30U
12206.34224,704497276.9309446,5638661128.774956,56600.0,1.6875,-2.625,9.1875,image61.jpg,4,30U
12405.96372,704497215.3906896,5638661200.9526415,56600.0,1.875,-3.375,8.8125,image62.jpg,4,30U
12606.082409999999,704497153.8238516,5638661272.015835,56600.0,2.375,-2.4375,8.4375,image63.jpg,4,30U
12806.267909999999,704497092.2835999,5638661344.193523,56600.0,3.0625,-2.1875,8.8125,image64.jpg,4,30U
13006.33834,704497007.2440999,5638661415.445937,56600.0,3.3125,-1.5625,9.125,image65.jpg,4,30U
13206.243629999999,704496945.7476237,5638661486.511904,56600.0,3.6875,-0.8125,8.75,image66.jpg,4,30U
13406.30328,704496871.7135992,5638661577.12622,56600.0,4.25,-1.0,6.875,image67.jpg,4,30U
13606.39673,704496785.9737275,5638661666.16618,56600.0,4.625,-2.25,8.625,image68.jpg,4,30U
13806.43564,704496723.7331069,5638661756.131415,56600.0,5.9375,-1.75,10.0,image69.jpg,4,30U
14006.51897,704496637.9494649,5638661846.283098,56600.0,7.625,-1.375,7.8125,image70.jpg,4,30U
14206.57585,704496563.959226,5638661935.785696,56600.0,10.25,-1.625,9.3125,image71.jpg,4,30U
14406.656680000002,704496489.9689878,5638662025.288298,56600.0,11.75,-2.0625,9.5625,image72.jpg,4,30U
14606.913559999999,704496415.234601,5638662133.690164,56700.0,12.625,-2.0625,9.9375,image73.jpg,4,30U
14806.82673,704496352.9502183,5638662224.767123,56600.0,13.5,-2.0625,9.625,image74.jpg,4,30U
15006.864919999998,704496289.965459,5638662333.631629,56700.0,14.0,-1.6875,9.625,image75.jpg,4,30U
15206.92879,704496214.5307038,5638662459.821042,56700.0,14.75,-2.125,9.625,image76.jpg,4,30U
15406.99235,704496139.79633,5638662568.222913,56700.0,14.875,-2.375,9.1875,image77.jpg,4,30U
15607.09475,704496075.9970725,5638662695.983913,56700.0,15.1875,-1.5,8.875,image78.jpg,4,30U
15807.14267,704496002.0068525,5638662785.48652,56700.0,15.5,-2.375,9.1875,image79.jpg,4,30U
16007.20185,704495926.5283363,5638662912.787659,56700.0,16.625,-2.0,9.4375,image80.jpg,4,30U
16207.94978,704495851.7939744,5638663021.189532,56700.0,21.625,-1.875,9.8125,image81.jpg,4,30U
16408.52221,704495810.7935951,5638663167.663352,56700.0,22.3125,-2.0,8.5,image82.jpg,4,30U
16608.3792,704495759.5584784,5638663276.990497,56700.0,22.3125,-1.125,8.3125,image83.jpg,4,30U
16808.36963,704495695.7592392,5638663404.751504,56700.0,21.25,-1.0,8.4375,image84.jpg,4,30U
17008.43346,704495643.7799784,5638663532.977917,56700.0,21.5625,-1.25,6.5625,image85.jpg,4,30U
17207.664240000002,704495580.7248926,5638663641.839658,56700.0,21.9375,-1.0,7.875,image86.jpg,4,30U
17407.62169,704495517.0397893,5638663768.491716,56700.0,21.9375,-1.375,8.4375,image87.jpg,4,30U
17607.686869999998,704495464.9901795,5638663896.715358,56700.0,21.25,-1.75,5.0625,image88.jpg,4,30U
17808.01693,704495402.0054576,5638664005.579872,56700.0,18.6875,-0.875,6.5625,image89.jpg,4,30U
18008.84544,704495339.0207384,5638664114.444389,56700.0,19.3125,-1.5625,7.125,image90.jpg,4,30U
18209.121369999997,704495286.9711354,5638664242.668033,56700.0,20.3125,-0.875,7.125,image91.jpg,4,30U
18408.93228,704495223.2860454,5638664369.320093,56700.0,21.6875,-0.125,6.6875,image92.jpg,4,30U
18609.028290000002,704495183.730213,5638664479.107108,56700.0,22.9375,0.125,7.75,image93.jpg,4,30U
18808.7168,704495119.1868514,5638664625.7673855,56700.0,25.625,0.0625,9.0625,image94.jpg,4,30U
19008.178659999998,704495078.9306493,5638664753.341946,56700.0,27.625,0.3125,9.625,image95.jpg,4,30U
19208.22805,704495038.6306757,5638664882.028226,56700.0,29.75,0.875,9.4375,image96.jpg,4,30U
19408.61166,704494986.6514424,5638665010.2546425,56700.0,31.375,0.0,9.6875,image97.jpg,4,30U
19609.17528,704494957.3303585,5638665157.1883335,56700.0,33.125,-0.5,9.4375,image98.jpg,4,30U
19809.381869999997,704494928.780005,5638665286.337248,56700.0,35.0625,-0.375,10.125,image99.jpg,4,30U
20009.47276,704494911.2085383,5638665433.73357,56800.0,36.4375,0.0,9.875,image100.jpg,4,30U
20209.49286,704494881.9578159,5638665580.670029,56800.0,37.5625,-0.8125,9.1875,image101.jpg,4,30U
20409.4306,704494864.3425773,5638665729.178073,56800.0,38.875,-1.3125,8.6875,image102.jpg,4,30U
20608.71398,704494835.0918552,5638665876.1145315,56800.0,39.125,0.125,8.8125,image103.jpg,4,30U
20808.757990000002,704494817.5203931,5638666023.510855,56800.0,38.9375,0.5625,7.5625,image104.jpg,4,30U
21008.98047,704494799.2751405,5638666189.809214,56800.0,37.875,0.0,8.5625,image105.jpg,4,30U
21209.59852,704494769.9102917,5638666337.854624,56800.0,35.5625,-1.375,8.3125,image106.jpg,4,30U
21409.017190000002,704494752.409188,5638666485.253716,56800.0,35.75,-1.0625,7.9375,image107.jpg,4,30U
21609.088659999998,704494711.4088573,5638666631.727543,56800.0,34.875,-1.25,8.25,image108.jpg,4,30U
21809.4531,704494682.0440121,5638666779.772955,56800.0,31.5625,-0.625,6.3125,image109.jpg,4,30U
22009.12647,704494641.7878321,5638666907.347518,56800.0,27.8125,-0.875,6.6875,image110.jpg,4,30U
22209.304790000002,704494589.0644784,5638667054.473204,56800.0,26.875,-1.1875,7.5625,image111.jpg,4,30U
22409.26595,704494536.3145441,5638667200.484401,56800.0,27.875,-1.5,8.9375,image112.jpg,4,30U
22609.35125,704494484.2649843,5638667328.708052,56800.0,27.9375,-2.625,8.25,image113.jpg,4,30U
22809.6102,704494442.520522,5638667494.081144,56800.0,27.5625,-2.625,5.8125,image114.jpg,4,30U
23009.49254,704494390.5850964,5638667621.1958475,56800.0,27.5,-2.4375,7.5,image115.jpg,4,30U
23209.52537,704494349.5410099,5638667768.781399,56800.0,27.3125,-1.4375,5.5,image116.jpg,4,30U
23409.68478,704494297.5352322,5638667895.893331,56800.0,26.375,-0.75,6.125,image117.jpg,4,30U
23609.70221,704494244.0411677,5638668060.803793,56800.0,24.125,-2.0,7.25,image118.jpg,4,30U
23809.71317,704494167.8186148,5638668207.004219,56800.0,23.5,-3.75,8.625,image119.jpg,4,30U
24009.81831,704494115.8832014,5638668334.118924,56800.0,23.625,-2.125,7.6875,image120.jpg,4,30U
24209.835730000003,704494063.0895165,5638668481.241845,56800.0,23.875,0.125,7.8125,image121.jpg,4,30U
24410.64764,704493999.4045,5638668607.893921,56800.0,24.1875,-0.6875,6.6875,image122.jpg,4,30U
24611.25536,704493947.3549641,5638668736.117577,56800.0,24.625,-2.0,3.9375,image123.jpg,4,30U
24811.09644,704493905.6105239,5638668901.490674,56800.0,24.0,-4.3125,1.25,image124.jpg,4,30U
25011.10347,704493829.4317654,5638669046.579382,56800.0,22.8125,-3.0,5.75,image125.jpg,4,30U
25211.15583,704493789.8759866,5638669156.366407,56800.0,23.0625,1.125,4.1875,image126.jpg,4,30U
25410.58024,704493750.3202108,5638669266.153433,56800.0,23.5625,2.9375,3.3125,image127.jpg,4,30U
25610.39692,704493662.3480786,5638669411.891234,56800.0,23.25,2.8125,6.1875,image128.jpg,4,30U
25810.39436,704493611.1130577,5638669521.218399,56800.0,22.5,-0.75,6.8125,image129.jpg,4,30U
26010.78535,704493570.1127744,5638669667.692236,56800.0,22.5625,-0.625,5.8125,image130.jpg,4,30U
26211.47492,704493482.1844279,5638669812.318317,56800.0,23.0,-1.125,6.5625,image131.jpg,4,30U
26411.558109999998,704493441.8845186,5638669941.004611,56800.0,23.6875,-0.25,5.625,image132.jpg,4,30U
26611.63909,704493389.8350068,5638670069.228272,56800.0,22.875,-0.75,7.0,image133.jpg,4,30U
26811.702559999998,704493325.4058807,5638670214.779618,56800.0,22.5,-0.375,7.0625,image134.jpg,4,30U
27011.498489999998,704493273.3563737,5638670343.003283,56800.0,22.375,0.8125,7.125,image135.jpg,4,30U
27210.90655,704493197.9217898,5638670469.192734,56800.0,22.0625,0.375,6.875,image136.jpg,4,30U
27410.9547,704493133.4489001,5638670615.855806,56800.0,21.625,-2.4375,8.625,image137.jpg,4,30U
27611.35351,704493069.0197868,5638670761.407155,56800.0,20.5625,-1.3125,8.4375,image138.jpg,4,30U
27811.91665,704492992.8410723,5638670906.495876,56800.0,19.0625,-1.25,8.875,image139.jpg,4,30U
28012.06203,704492905.6131253,5638671033.334424,56800.0,15.4375,-2.125,8.0,image140.jpg,4,30U
28212.16746,704492818.385184,5638671160.172975,56800.0,13.125,-2.3125,7.875,image141.jpg,4,30U
28412.2285,704492731.2713761,5638671285.902575,56800.0,12.75,-2.125,9.1875,image142.jpg,4,30U
28611.991289999998,704492655.7930441,5638671413.203756,56800.0,12.0,-1.8125,10.0625,image143.jpg,4,30U
28811.3933,704492556.1151457,5638671557.367226,56800.0,13.125,0.125,9.3125,image144.jpg,4,30U
29011.4981,704492479.8926827,5638671703.567675,56800.0,13.875,-1.5,7.5625,image145.jpg,4,30U
29211.874389999997,704492393.4792565,5638671811.509737,56900.0,13.9375,-2.1875,8.5,image146.jpg,4,30U
29411.89897,704492305.550974,5638671956.1358385,56900.0,13.3125,-1.625,8.5625,image147.jpg,4,30U
29611.71656,704492217.622694,5638672100.761942,56900.0,13.3125,-2.5625,7.75,image148.jpg,4,30U
29811.745789999997,704492130.4651418,5638672227.6032715,56900.0,13.125,-1.875,6.5,image149.jpg,4,30U
30011.841389999998,704492042.5368726,5638672372.22938,56900.0,12.8125,-2.6875,6.875,image150.jpg,4,30U
30212.017139999996,704491943.6297281,5638672498.608085,56900.0,12.8125,-2.0625,7.8125,image151.jpg,4,30U
30412.07075,704491855.701468,5638672643.234195,56900.0,11.3125,-2.3125,5.875,image152.jpg,4,30U
30612.16824,704491757.5384692,5638672750.71364,56900.0,10.4375,-3.0625,7.4375,image153.jpg,4,30U
30812.219589999997,704491657.8168457,5638672895.988846,56900.0,9.125,-3.125,6.8125,image154.jpg,4,30U
31012.456430000002,704491558.2093565,5638673040.155102,56900.0,8.5625,-3.375,6.5625,image155.jpg,4,30U
31212.38516,704491460.0463727,5638673147.634554,56900.0,6.1875,-2.4375,6.9375,image156.jpg,4,30U
31412.525319999997,704491349.3896569,5638673273.550645,56900.0,4.0625,-2.625,7.75,image157.jpg,4,30U
31612.591330000003,704491239.4770831,5638673380.567474,56900.0,1.375,-3.125,7.5625,image158.jpg,4,30U
31812.58787,704491141.2437536,5638673488.044158,56900.0,0.6875,-3.0625,7.375,image159.jpg,4,30U
32012.5803,704491031.3311883,5638673595.060992,56900.0,359.25,-3.5,5.875,image160.jpg,4,30U
32212.74254,704490910.4835197,5638673682.718705,56900.0,358.625,-3.75,7.1875,image161.jpg,4,30U
32412.87535,704490812.2502025,5638673790.195398,56900.0,358.5625,-1.9375,7.0,image162.jpg,4,30U
32613.5917,704490691.4025439,5638673877.853117,56900.0,358.25,-1.4375,6.4375,image163.jpg,4,30U
32813.986469999996,704490569.7403988,5638673984.407334,56900.0,357.0,-3.0625,7.25,image164.jpg,4,30U
33013.90681,704490460.5282149,5638674073.636634,56900.0,355.5625,-2.5625,5.4375,image165.jpg,4,30U
33214.06864,704490350.6156739,5638674180.653481,56900.0,354.375,-1.375,4.375,image166.jpg,4,30U
33414.08973,704490218.7625668,5638674248.949321,56900.0,353.6875,-0.75,7.0,image167.jpg,4,30U
33613.23452,704490085.3508456,5638674355.040927,56900.0,354.0,-1.625,7.25,image168.jpg,4,30U
33813.248230000005,704489952.0094861,5638674461.135304,56900.0,354.0,-3.625,8.25,image169.jpg,4,30U
34013.33065,704489819.3684894,5638674549.442144,56900.0,354.375,-2.75,8.5,image170.jpg,4,30U
34213.89067,704489685.9567822,5638674655.533758,56900.0,353.25,-2.75,7.375,image171.jpg,4,30U
34414.379010000004,704489552.6154383,5638674761.628147,56900.0,353.125,-1.8125,6.8125,image172.jpg,4,30U
34614.40601,704489431.6974654,5638674849.283123,56900.0,352.8125,-1.5625,6.6875,image173.jpg,4,30U
34814.43788,704489286.6065371,5638674954.914898,56900.0,352.6875,-2.0,6.9375,image174.jpg,4,30U
35014.84985,704489141.5156164,5638675060.546674,56900.0,351.625,-3.4375,6.25,image175.jpg,4,30U
35214.1082,704488984.7454636,5638675165.718605,56900.0,351.125,-3.25,7.5625,image176.jpg,4,30U
35413.78676,704488852.0779157,5638675252.9109745,56900.0,350.6875,-3.1875,6.875,image177.jpg,4,30U
35613.92918,704488695.3077747,5638675358.082913,56900.0,350.25,-4.125,6.8125,image178.jpg,4,30U
35814.40651,704488539.1676372,5638675445.464543,56900.0,350.8125,-3.25,5.75,image179.jpg,4,30U
36015.08991,704488405.8263372,5638675551.55896,56900.0,351.1875,-2.0625,5.1875,image180.jpg,4,30U
36215.285339999995,704488224.8566775,5638675673.593219,56900.0,351.625,-2.5625,5.6875,image181.jpg,4,30U
36415.291580000005,704488055.5224893,5638675797.199054,56900.0,352.5625,-3.375,5.3125,image182.jpg,4,30U
36615.30498,704487909.6874924,5638675921.730129,57000.0,352.0625,-2.5625,5.75,image183.jpg,4,30U
36814.69618,704487729.4182082,5638676025.97686,57000.0,350.625,-2.875,3.8125,image184.jpg,4,30U
37014.26176,704487571.9477634,5638676148.936376,57000.0,350.3125,-3.5,5.5625,image185.jpg,4,30U
37214.470330000004,704487415.8076693,5638676236.318038,57000.0,349.0,-3.125,5.375,image186.jpg,4,30U
37414.80193,704487234.838057,5638676358.352329,57000.0,348.75,-3.5625,7.4375,image187.jpg,4,30U
37615.15507,704487054.568802,5638676462.599084,57000.0,348.8125,-3.125,4.625,image188.jpg,4,30U
37814.6326,704486886.0491438,5638676567.308458,57000.0,348.9375,-3.375,5.6875,image189.jpg,4,30U
38014.70534,704486717.459136,5638676672.01507,57000.0,349.5625,-2.4375,6.25,image190.jpg,4,30U
38214.74147,704486548.9394932,5638676776.724457,57000.0,349.9375,-2.4375,5.8125,image191.jpg,4,30U
38415.23915,704486368.670267,5638676880.971234,57000.0,349.3125,-3.0,4.8125,image192.jpg,4,30U
38615.260519999996,704486199.406519,5638677004.579897,57000.0,348.8125,-3.0625,6.125,image193.jpg,4,30U
38815.47534,704486031.5606565,5638677090.387264,57000.0,348.5625,-3.0,4.6875,image194.jpg,4,30U
39015.48035,704485838.8681045,5638677213.073479,57000.0,348.25,-3.625,7.125,image195.jpg,4,30U
39215.729869999996,704485659.3430238,5638677298.421015,57000.0,348.4375,-3.125,7.5,image196.jpg,4,30U
39415.652630000004,704485490.7530653,5638677403.127664,57000.0,351.375,-3.0,9.0,image197.jpg,4,30U
39615.71222,704485320.7452433,5638677545.635621,57000.0,352.3125,-3.9375,8.3125,image198.jpg,4,30U
39815.90073,704485151.525314,5638677668.132596,57000.0,353.6875,-3.5,8.375,image199.jpg,4,30U
40015.950430000004,704484982.1912649,5638677791.738526,57000.0,354.375,-1.0625,7.5625,image200.jpg,4,30U
40216.0705,704484812.9275818,5638677915.347233,57000.0,355.6875,-0.5625,9.8125,image201.jpg,4,30U
40416.1775,704484642.9635648,5638678056.743489,57000.0,358.0625,-3.5,7.0625,image202.jpg,4,30U
40616.19422,704484472.9292004,5638678198.13698,57000.0,359.5,-4.375,8.4375,image203.jpg,4,30U
40817.14469,704484313.9706776,5638678358.8951235,57000.0,0.6875,-3.1875,9.3125,image204.jpg,4,30U
41017.66058,704484143.8925606,5638678501.400347,57000.0,1.625,-3.75,9.3125,image205.jpg,4,30U
41217.629239999995,704483972.4841341,5638678679.483434,57000.0,3.0,-4.375,7.0625,image206.jpg,4,30U
41417.67525,704483825.2048684,5638678840.70143,57000.0,359.0625,-3.375,6.1875,image207.jpg,4,30U
41617.42915,704483654.4968009,5638679000.9969845,57000.0,357.4375,-4.625,6.9375,image208.jpg,4,30U
41816.650669999995,704483474.2277114,5638679105.243857,57000.0,355.0,-3.8125,7.9375,image209.jpg,4,30U
42016.58659,704483304.8937488,5638679228.849842,57000.0,356.875,-3.8125,9.75,image210.jpg,4,30U
42216.56032,704483134.185708,5638679389.1454115,57000.0,358.0,-4.3125,8.375,image211.jpg,4,30U
42417.3375,704482964.2217855,5638679530.54172,57100.0,359.625,-3.625,8.1875,image212.jpg,4,30U
42617.90889,704482816.9425741,5638679691.759744,57100.0,2.0,-2.9375,7.25,image213.jpg,4,30U
42817.83812,704482658.6141244,5638679834.727621,57100.0,3.75,-2.9375,7.1875,image214.jpg,4,30U
43017.905999999995,704482510.634597,5638680013.733199,57100.0,8.5,-3.6875,8.75,image215.jpg,4,30U
43218.05795,704482386.7842197,5638680175.873675,57100.0,9.4375,-3.1875,8.0,image216.jpg,4,30U
43417.085060000005,704482262.2601041,5638680356.916193,57100.0,10.9375,-4.4375,8.0,image217.jpg,4,30U
43617.135239999996,704482137.6656387,5638680537.955942,57100.0,11.9375,-3.4375,8.8125,image218.jpg,4,30U
43817.05258,704482013.8152844,5638680700.096428,57100.0,10.6875,-3.0625,6.0625,image219.jpg,4,30U
44017.850510000004,704481878.2857144,5638680861.777082,57100.0,7.4375,-3.3125,6.5,image220.jpg,4,30U
44218.20809,704481754.4353753,5638681023.917575,57100.0,5.6875,-3.4375,6.6875,image221.jpg,4,30U
44418.19126,704481607.1562408,5638681185.135632,57100.0,3.5,-3.25,4.5,image222.jpg,4,30U
44618.415460000004,704481460.6212184,5638681327.454426,57100.0,357.625,-4.125,4.6875,image223.jpg,4,30U
44818.853460000006,704481302.4069803,5638681469.313391,57100.0,357.0,-3.0625,7.3125,image224.jpg,4,30U
45017.72477,704481144.0786221,5638681612.28131,57100.0,357.6875,-3.8125,3.9375,image225.jpg,4,30U
45218.499260000004,704480974.8589233,5638681734.778416,57100.0,357.125,-3.125,6.75,image226.jpg,4,30U
45418.2521,704480816.5305841,5638681877.7463455,57100.0,357.6875,-1.9375,6.875,image227.jpg,4,30U
45619.23287,704480646.5668014,5638682019.142728,57100.0,358.1875,-2.75,8.0625,image228.jpg,4,30U
45818.21566,704480488.28225,5638682160.998946,57100.0,358.875,-2.6875,7.5,image229.jpg,4,30U
46018.25582,704480330.6980339,5638682285.067625,57100.0,358.875,-3.9375,8.375,image230.jpg,4,30U
46218.22785,704480159.9901811,5638682445.363289,57100.0,357.625,-4.3125,6.625,image231.jpg,4,30U
46418.380110000006,704480000.9615594,5638682606.118786,57100.0,355.5,-3.25,6.5,image232.jpg,4,30U
46618.46619,704479819.9485729,5638682729.265048,57100.0,355.75,-4.125,5.5,image233.jpg,4,30U
46818.343539999994,704479649.9848448,5638682870.661461,57100.0,356.1875,-3.875,7.6875,image234.jpg,4,30U
47018.37476,704479480.0211278,5638683012.05788,57100.0,356.8125,-4.125,6.25,image235.jpg,4,30U
47219.04067,704479309.9432918,5638683154.563254,57100.0,358.5625,-6.0,6.4375,image236.jpg,4,30U
47418.75858,704479151.7291667,5638683296.422281,57100.0,1.625,-4.625,8.5,image237.jpg,4,30U
47619.16674,704478992.7006015,5638683457.177811,57100.0,5.25,-4.375,8.375,image238.jpg,4,30U
47819.21314,704478856.427099,5638683637.757806,57100.0,6.1875,-3.9375,8.0625,image239.jpg,4,30U
48018.94525,704478720.827343,5638683799.435768,57100.0,5.9375,-4.25,6.875,image240.jpg,4,30U
48219.10323,704478574.2924687,5638683941.754641,57100.0,0.9375,-3.6875,6.375,image241.jpg,4,30U
48419.248810000005,704478416.0783867,5638684083.61369,57100.0,355.0625,-3.375,4.9375,image242.jpg,4,30U
48619.17238,704478246.7447041,5638684207.219832,57100.0,351.5,-2.1875,6.75,image243.jpg,4,30U
48819.680360000006,704478065.7318146,5638684330.366153,57100.0,351.9375,-3.0,7.875,image244.jpg,4,30U
49020.21106,704477884.7627037,5638684452.400759,57100.0,351.9375,-3.8125,5.75,image245.jpg,4,30U
49220.426419999996,704477716.243492,5638684557.11042,57100.0,352.5,-3.125,6.125,image246.jpg,4,30U
49420.44635,704477546.2361101,5638684699.618621,57200.0,351.25,-3.9375,5.375,image247.jpg,4,30U
49620.54168,704477353.5174526,5638684821.19065,57200.0,350.3125,-3.125,6.25,image248.jpg,4,30U
49820.24194,704477160.7550362,5638684943.874406,57200.0,350.625,-3.9375,4.5,image249.jpg,4,30U
50019.5317,704476979.7421986,5638685067.020764,57200.0,350.5,-4.0,4.1875,image250.jpg,4,30U
50219.621889999995,704476798.7731392,5638685189.055406,57200.0,349.375,-4.25,4.75,image251.jpg,4,30U
50420.07512,704476606.0811044,5638685311.741954,57200.0,345.625,-4.875,2.9375,image252.jpg,4,30U
50620.73836,704476414.8068919,5638685396.627204,57200.0,345.4375,-4.375,3.3125,image253.jpg,4,30U
50820.84099999999,704476234.5381696,5638685500.874319,57200.0,343.8125,-3.0,3.0625,image254.jpg,4,30U
51020.91738,704476042.5198882,5638685604.658854,57200.0,343.125,-3.3125,2.3125,image255.jpg,4,30U
51221.20039,704475851.2722813,5638685690.658614,57200.0,343.5,-2.8125,3.75,image256.jpg,4,30U
51421.08822,704475659.9980962,5638685775.543893,57200.0,344.875,-3.375,2.75,image257.jpg,4,30U
51620.13587,704475467.9798354,5638685879.328444,57200.0,345.3125,-3.5625,3.3125,image258.jpg,4,30U
51820.27664,704475276.0319403,5638685983.115771,57200.0,343.0625,-4.375,1.8125,image259.jpg,4,30U
52020.61305,704475084.0136954,5638686086.900336,57200.0,342.375,-4.25,3.8125,image260.jpg,4,30U
52221.27683,704474892.7395368,5638686171.785644,57200.0,341.125,-5.1875,2.3125,image261.jpg,4,30U
52421.624910000006,704474689.7424048,5638686257.322857,57200.0,340.5,-5.1875,4.375,image262.jpg,4,30U
52621.62499,704474510.2178277,5638686342.670766,57200.0,339.4375,-2.1875,2.375,image263.jpg,4,30U
52821.77255,704474331.3935637,5638686410.231135,57200.0,336.125,-3.375,3.1875,image264.jpg,4,30U
53021.40793,704474129.8846028,5638686457.969841,57300.0,330.3125,-3.9375,0.625,image265.jpg,4,30U
53221.18312,704473929.0493648,5638686486.806514,57200.0,323.8125,-3.8125,1.5,image266.jpg,4,30U
53421.32234,704473740.0340515,5638686516.108554,57300.0,322.125,-3.125,1.9375,image267.jpg,4,30U
53621.33656,704473528.2199137,5638686526.697882,57300.0,322.25,-3.25,3.1875,image268.jpg,4,30U
53821.886620000005,704473316.4057755,5638686537.287218,57300.0,322.625,-3.0625,2.4375,image269.jpg,4,30U
54021.60245,704473128.0641868,5638686547.687244,57300.0,323.625,-2.125,3.25,image270.jpg,4,30U
54222.70077999999,704472914.8056775,5638686594.96341,57300.0,328.0,-3.4375,4.0625,image271.jpg,4,30U
54421.73536,704472701.5471745,5638686642.239585,57300.0,330.8125,-5.0625,3.75,image272.jpg,4,30U
54622.44352000001,704472511.7174507,5638686690.438164,57300.0,331.8125,-4.75,3.625,image273.jpg,4,30U
54822.38534,704472297.7148854,5638686756.61362,57300.0,332.5625,-6.3125,1.6875,image274.jpg,4,30U
55022.34137,704472083.7123276,5638686822.789084,57300.0,333.6875,-5.9375,1.375,image275.jpg,4,30U
55222.30001,704471904.9318852,5638686889.237815,57300.0,334.75,-5.25,0.375,image276.jpg,4,30U
55422.69994,704471715.1725355,5638686937.439195,57300.0,333.0,-4.1875,0.9375,image277.jpg,4,30U
55622.835739999995,704471537.7926979,5638686968.312847,57300.0,331.8125,-3.375,2.0625,image278.jpg,4,30U
55823.0684,704471347.963001,5638687016.51147,57300.0,330.125,-2.0625,2.625,image279.jpg,4,30U
56022.95655,704471158.8773711,5638687045.810832,57300.0,327.5625,-3.0625,2.5625,image280.jpg,4,30U
56222.88767999999,704470981.5413102,5638687075.572783,57300.0,320.4375,-3.5,0.6875,image281.jpg,4,30U
56422.94214,704470817.3991753,5638687069.110507,57300.0,314.5625,-3.3125,3.1875,image282.jpg,4,30U
56623.017360000005,704470665.6365453,5638687045.3205,57300.0,318.8125,-5.3125,4.3125,image283.jpg,4,30U
56823.032179999995,704470512.5436815,5638687057.108361,57300.0,325.125,-6.0,6.25,image284.jpg,4,30U
57023.67887,704470346.1427723,5638687106.229407,57300.0,331.3125,-3.375,5.75,image285.jpg,4,30U
57223.96455,704470214.990563,5638687156.738197,57300.0,337.1875,-5.3125,6.9375,image286.jpg,4,30U
57424.4318,704470047.9159572,5638687224.761291,57300.0,336.75,-7.0,5.75,image287.jpg,4,30U
57624.62556,704469880.7709981,5638687292.781619,57300.0,331.25,-6.125,4.5625,image288.jpg,4,30U
57824.648610000004,704469715.9285792,5638687304.106923,57300.0,325.625,-5.3125,2.5625,image289.jpg,4,30U
58024.6601,704469551.7864544,5638687297.644688,57300.0,322.375,-5.75,4.3125,image290.jpg,4,30U
58223.50802000001,704469387.5739715,5638687291.179687,57300.0,321.75,-6.1875,4.0,image291.jpg,4,30U
58423.7576,704469198.5149552,5638687321.593613,57300.0,322.25,-4.0625,5.8125,image292.jpg,4,30U
58623.822720000004,704469021.9229763,5638687332.456362,57300.0,323.9375,-2.5625,5.1875,image293.jpg,4,30U
58824.43686,704468856.9664382,5638687344.890645,57300.0,325.9375,-1.375,7.375,image294.jpg,4,30U
59026.25102,704468679.6304057,5638687374.652672,57300.0,329.75,-3.3125,6.9375,image295.jpg,4,30U
59225.71285,704468478.121547,5638687422.391593,57400.0,330.1875,-4.8125,5.125,image296.jpg,4,30U
59425.93701,704468311.7910303,5638687471.515475,57400.0,330.3125,-3.4375,6.125,image297.jpg,4,30U
59626.0249,704468098.5326147,5638687518.791836,57400.0,326.125,-2.875,3.3125,image298.jpg,4,30U
59825.65055,704467850.7961533,5638687546.895709,57400.0,322.375,-5.0,5.1875,image299.jpg,4,30U
60024.92545,704467614.782672,5638687574.347675,57400.0,323.8125,-4.75,4.3125,image300.jpg,4,30U
60225.03321,704467367.790269,5638687583.552304,57400.0,325.375,-4.3125,5.75,image301.jpg,4,30U
60425.35729,704467119.3535341,5638687629.443757,57400.0,327.25,-4.6875,4.125,image302.jpg,4,30U
60625.96237000001,704466882.666367,5638687675.797794,57400.0,326.625,-4.0,5.1875,image303.jpg,4,30U
60826.06057,704466634.9736911,5638687702.790003,57400.0,326.5,-5.5,5.25,image304.jpg,4,30U
61026.1234,704466386.5369705,5638687748.68149,57400.0,323.1875,-5.8125,5.1875,image305.jpg,4,30U
61226.20737999999,704466139.5445815,5638687757.886179,57400.0,323.5,-5.3125,4.0625,image306.jpg,4,30U
61426.00165,704465903.60148,5638687785.340992,57400.0,323.5625,-5.875,4.0625,image307.jpg,4,30U
61625.50475,704465632.4096903,5638687811.408113,57400.0,323.625,-7.375,4.5,image308.jpg,4,30U
61826.25833,704465383.9729868,5638687857.299647,57400.0,324.75,-7.4375,4.9375,image309.jpg,4,30U
62026.66496,704465136.2365645,5638687885.403648,57400.0,325.6875,-8.125,5.1875,image310.jpg,4,30U
62225.78604,704464865.1151427,5638687911.4735775,57300.0,326.25,-8.0,4.0,image311.jpg,4,30U
62425.636020000005,704464616.678453,5638687957.365149,57300.0,327.1875,-6.4375,5.4375,image312.jpg,4,30U
62626.18852999999,704464356.4922062,5638688002.794167,57300.0,328.4375,-6.125,6.5,image313.jpg,4,30U
62826.10886,704464108.0555269,5638688048.685763,57300.0,329.5,-4.6875,5.6875,image314.jpg,4,30U
63026.18685,704463859.6188526,5638688094.577372,57300.0,329.625,-5.25,6.0,image315.jpg,4,30U
63226.26082999999,704463610.4381456,5638688159.368257,57300.0,330.5625,-4.9375,5.625,image316.jpg,4,30U
63426.49024,704463362.0014824,5638688205.259889,57300.0,330.5,-5.875,6.875,image317.jpg,4,30U
63626.44427000001,704463125.3143874,5638688251.614094,57300.0,330.125,-3.625,6.375,image318.jpg,4,30U
63827.20275,704462887.9270273,5638688315.755856,57400.0,328.6875,-5.0,2.8125,image319.jpg,4,30U
64026.90237,704462627.7408189,5638688361.184961,57400.0,324.0625,-4.9375,1.5,image320.jpg,4,30U
64227.764670000004,704462391.7540046,5638688389.751653,57400.0,321.0,-4.75,2.0,image321.jpg,4,30U
64426.9329,704462145.5056981,5638688380.057262,57400.0,321.3125,-3.3125,3.5,image322.jpg,4,30U
64627.11203,704461897.0690627,5638688425.948963,57400.0,321.3125,-3.1875,4.6875,image323.jpg,4,30U
64827.1089,704461662.499965,5638688416.714386,57400.0,322.9375,-3.25,5.125,image324.jpg,4,30U
65027.371510000004,704461414.8073668,5638688443.706842,57400.0,324.9375,-3.9375,5.5625,image325.jpg,4,30U
65227.344110000005,704461166.3707432,5638688489.5985775,57400.0,327.0625,-3.4375,4.125,image326.jpg,4,30U
65428.011170000005,704460917.9341247,5638688535.490326,57400.0,326.9375,-4.4375,4.1875,image327.jpg,4,30U
65628.87351,704460670.2415385,5638688562.482817,57400.0,328.0,-4.9375,4.625,image328.jpg,4,30U
65828.55384,704460421.8049293,5638688608.374587,57400.0,328.3125,-5.0,5.0,image329.jpg,4,30U
66028.8638,704460172.6242995,5638688673.165637,57400.0,329.1875,-3.8125,6.125,image330.jpg,4,30U
66229.9963,704459912.5084974,5638688718.597646,57400.0,329.625,-4.6875,6.25,image331.jpg,4,30U
66428.67855,704459675.7511084,5638688764.949237,57400.0,330.6875,-7.5,4.4375,image332.jpg,4,30U
66628.45405,704459438.3200593,5638688830.202877,57400.0,327.9375,-3.0,1.25,image333.jpg,4,30U
66828.96303,704459214.0562645,5638688858.117776,57400.0,325.6875,-4.3125,4.5,image334.jpg,4,30U
67028.92635,704458965.6196862,5638688904.009617,57500.0,325.8125,-4.875,3.5625,image335.jpg,4,30U
67229.54032999999,704458730.3769476,5638688913.677207,57500.0,326.5,-3.625,6.25,image336.jpg,4,30U
67430.08441,704458493.6899393,5638688960.031622,57400.0,327.0,-4.25,6.6875,image337.jpg,4,30U
67630.10581000001,704458257.6765965,5638688987.484011,57500.0,328.875,-3.9375,7.0,image338.jpg,4,30U
67830.14893,704458020.989597,5638689033.838449,57500.0,331.25,-5.0625,5.4375,image339.jpg,4,30U
68030.26809,704457795.2377883,5638689099.551942,57500.0,331.1875,-5.5,7.0,image340.jpg,4,30U
68229.46262,704457546.8012385,5638689145.4438505,57500.0,331.125,-4.9375,6.8125,image341.jpg,4,30U
68429.48605,704457310.1142526,5638689191.798317,57500.0,331.6875,-4.1875,6.875,image342.jpg,4,30U
68629.52047999999,704457060.9774641,5638689255.477795,57500.0,333.75,-5.375,6.5625,image343.jpg,4,30U
68830.45116,704456823.5464771,5638689320.731552,57500.0,336.125,-3.125,7.0625,image344.jpg,4,30U
69031.21511,704456597.094452,5638689404.232642,57500.0,336.9375,-3.6875,6.8125,image345.jpg,4,30U
69231.201,704456358.919467,5638689488.38569,57500.0,336.375,-4.625,7.0,image346.jpg,4,30U
69431.2696,704456109.0386959,5638689570.964478,57500.0,337.0625,-5.0625,7.25,image347.jpg,4,30U
69631.43993,704455883.2869376,5638689636.678054,57500.0,341.0625,-3.4375,8.5625,image348.jpg,4,30U
69830.78621,704455655.39069,5638689756.866,57500.0,344.25,-4.125,8.5625,image349.jpg,4,30U
70030.6484,704455439.2002469,5638689878.628224,57500.0,345.8125,-3.75,8.5625,image350.jpg,4,30U
70230.83503999999,704455223.0098125,5638690000.390455,57500.0,343.9375,-5.0625,5.75,image351.jpg,4,30U
70431.25518,704454984.8786452,5638690083.431841,57500.0,340.625,-5.0,5.125,image352.jpg,4,30U
70631.83269,704454769.4322368,5638690186.294824,57500.0,341.0,-5.25,7.5,image353.jpg,4,30U
70831.3615,704454542.236281,5638690288.695271,57600.0,342.1875,-4.1875,6.0625,image354.jpg,4,30U
71031.30497000001,704454315.1106908,5638690391.098499,57600.0,343.75,-6.125,7.75,image355.jpg,4,30U
71231.47892000001,704454098.9203075,5638690512.860775,57600.0,343.875,-4.5,4.4375,image356.jpg,4,30U
71431.4965,704453884.2179389,5638690596.824527,57600.0,344.75,-5.9375,7.25,image357.jpg,4,30U
71631.81735,704453668.0275748,5638690718.586822,57600.0,346.6875,-4.875,7.5625,image358.jpg,4,30U
71831.92403,704453463.5601848,5638690839.697175,57600.0,346.5625,-5.3125,6.9375,image359.jpg,4,30U
72031.9245,704453247.3698393,5638690961.459487,57600.0,349.0625,-7.1875,10.125,image360.jpg,4,30U
72232.35618999999,704453066.3578149,5638691084.606657,57600.0,355.5,-3.8125,7.875,image361.jpg,4,30U
72432.18374,704452883.9015646,5638691244.440649,57600.0,2.75,-5.25,6.625,image362.jpg,4,30U
72632.22439,704452735.1793984,5638691442.346309,57600.0,12.5,-3.8125,8.3125,image363.jpg,4,30U
72832.44167,704452645.1346579,5638691642.561897,57600.0,21.6875,-2.1875,8.5,image364.jpg,4,30U
73032.38842,704452554.2755687,5638691861.67399,57600.0,28.625,-2.125,9.5625,image365.jpg,4,30U
73232.46637000001,704452474.4220401,5638692100.147887,57600.0,26.125,-3.625,5.8125,image366.jpg,4,30U

